months_as_customer,age,policy_bind_date,policy_state,policy_csl,policy_deductable,policy_annual_premium,umbrella_limit,insured_zip,insured_sex,insured_education_level,insured_occupation,insured_hobbies,insured_relationship,capital-gains,capital-loss,incident_date,incident_type,collision_type,incident_severity,authorities_contacted,incident_state,incident_hour_of_the_day,number_of_vehicles_involved,property_damage,bodily_injuries,witnesses,police_report_available,total_claim_amount,injury_claim,property_claim,vehicle_claim,auto_make,auto_year
42,60,2009-08-06,IN,250/500,500,961.67,2000000,120324,MALE,Associate,exec-managerial,board-games,unmarried,0,0,2015-05-13,Multi-vehicle Collision,Side Collision,Minor Damage,Police,NY,7,2,NO,2,2,YES,83367,10710,11059,61598,Audi,2004
9,24,1990-03-18,IN,500/1000,1000,1092.76,0,820775,MALE,Associate,tech-support,video-games,unmarried,26928,0,2015-03-01,Single Vehicle Collision,Rear Collision,Major Damage,None,WV,4,1,YES,0,0,NO,101272,15398,9543,76331,Toyota,2007
256,30,1996-05-27,IL,100/300,1000,1664.45,0,351083,MALE,High School,prof-specialty,board-games,husband,0,0,2015-03-12,Single Vehicle Collision,Side Collision,Minor Damage,Police,PA,17,2,NO,2,2,YES,90093,17378,18,72697,Volkswagen,2011
38,61,2010-09-26,IN,500/1000,500,1803.6,5000000,260891,FEMALE,Associate,handlers-cleaners,polo,husband,0,0,2015-01-05,Parked Car,Rear Collision,Minor Damage,Ambulance,VA,8,2,YES,0,0,NO,64708,1140,4136,59432,Suburu,2003
4,52,2012-07-15,OH,100/300,2000,936.29,0,385320,FEMALE,PhD,machine-op-inspct,reading,not-in-family,58939,0,2015-03-12,Multi-vehicle Collision,Rear Collision,Major Damage,None,PA,3,3,NO,2,0,NO,78451,18598,19537,40316,Saab,2007
165,64,2002-09-10,OH,100/300,2000,1458.62,5000000,261684,MALE,PhD,prof-specialty,yachting,own-child,0,0,2015-05-07,Multi-vehicle Collision,Front Collision,Major Damage,None,VA,18,3,YES,2,2,YES,87293,8993,4101,74199,Honda,1998
19,55,1991-02-15,IN,500/1000,1000,1955.42,5000000,362529,MALE,JD,exec-managerial,video-games,not-in-family,0,0,2015-12-13,Single Vehicle Collision,Rear Collision,Total Loss,None,SC,20,4,NO,0,0,NO,66486,17694,16180,32612,Nissan,2011
158,61,2000-07-23,OH,100/300,1000,742.82,0,320392,FEMALE,MD,prof-specialty,yachting,unmarried,43237,-29952,2015-09-05,Single Vehicle Collision,Side Collision,Minor Damage,Police,PA,23,2,YES,1,2,YES,76045,5702,18648,51695,Mercedes,2008
19,35,2015-06-22,OH,250/500,2000,1761.2,0,779112,MALE,PhD,transport-moving,polo,unmarried,40608,0,2015-10-13,Multi-vehicle Collision,Front Collision,Total Loss,None,OH,15,1,YES,0,0,NO,99160,3550,7661,87949,Mercedes,2002
1,48,1999-12-23,IN,100/300,1000,1606.46,2000000,347582,FEMALE,JD,protective-serv,kayaking,not-in-family,0,-4968,2015-10-24,Vehicle Theft,Front Collision,Total Loss,Other,NC,14,1,YES,2,0,NO,94516,3244,16034,75238,Saab,1998
4,40,2012-10-07,OH,250/500,500,1380.01,0,793169,MALE,High School,adm-clerical,kayaking,wife,0,0,2015-09-07,Vehicle Theft,Front Collision,Major Damage,Other,NY,23,4,YES,2,0,NO,54120,10766,4835,38519,Audi,2013
12,50,1991-06-14,OH,100/300,1000,601.93,0,429795,FEMALE,Associate,armed-forces,movies,not-in-family,1150,0,2015-06-22,Single Vehicle Collision,Side Collision,Total Loss,Other,OH,19,4,NO,0,0,NO,107612,10807,13488,83317,Chevrolet,2006
395,56,1990-01-12,IN,100/300,500,1774.07,0,143941,FEMALE,Associate,priv-house-serv,movies,not-in-family,0,0,2015-11-06,Vehicle Theft,Rear Collision,Minor Damage,Police,WV,1,3,NO,0,0,NO,84551,15680,5972,62899,Toyota,2009
169,53,1999-01-07,IN,250/500,1000,1376.29,2000000,664365,MALE,College,exec-managerial,exercise,other-relative,0,0,2015-07-25,Parked Car,Side Collision,Minor Damage,Police,NY,14,2,YES,1,1,YES,35888,18864,12464,4560,Nissan,1998
248,49,1995-01-06,IL,250/500,500,861.3,0,707314,MALE,PhD,handlers-cleaners,basketball,husband,77569,0,2015-01-13,Multi-vehicle Collision,Side Collision,Minor Damage,Police,NC,5,1,YES,2,1,YES,84846,9347,13861,61638,Volkswagen,2005
6,45,2012-07-12,IN,500/1000,2000,1136.31,0,437960,MALE,MD,armed-forces,exercise,other-relative,32963,-38345,2015-12-05,Vehicle Theft,Front Collision,Minor Damage,Police,PA,10,2,NO,0,2,YES,96870,8850,17634,70386,Ford,2006
102,27,2007-01-12,IN,250/500,2000,2020.56,0,231414,FEMALE,PhD,armed-forces,polo,other-relative,0,0,2015-08-26,Single Vehicle Collision,Rear Collision,Major Damage,None,SC,1,1,YES,1,1,NO,23988,2825,2154,19009,BMW,2003
3,63,2013-11-25,IN,250/500,2000,1867.27,0,492483,MALE,PhD,other-service,board-games,husband,0,0,2015-07-15,Vehicle Theft,Front Collision,Total Loss,Other,SC,1,3,YES,1,0,NO,76449,11106,14860,50483,Ford,2011
3,22,1992-05-12,IN,500/1000,500,776.57,2000000,986209,MALE,Masters,protective-serv,exercise,husband,0,0,2015-10-17,Vehicle Theft,Rear Collision,Total Loss,Other,NC,5,2,NO,0,0,NO,90872,7348,3546,79978,BMW,1998
7,35,2010-02-13,OH,250/500,2000,1449.55,5000000,929151,MALE,MD,priv-house-serv,movies,other-relative,0,-57371,2015-02-19,Vehicle Theft,Side Collision,Total Loss,None,SC,1,1,YES,2,0,NO,47621,4971,4888,37762,Chevrolet,2006
305,53,1992-09-19,IN,100/300,2000,903.4,5000000,631971,MALE,College,transport-moving,reading,husband,84318,0,2015-12-05,Multi-vehicle Collision,Rear Collision,Major Damage,None,WV,2,3,YES,2,0,YES,21648,11561,7882,2205,Saab,2001
17,27,1991-07-11,IN,250/500,2000,1605.57,5000000,495533,FEMALE,Associate,transport-moving,cross-fit,unmarried,32300,-16306,2015-01-10,Multi-vehicle Collision,Rear Collision,Major Damage,Other,VA,15,4,NO,2,0,NO,96787,19002,16044,61741,Toyota,2002
189,37,2000-09-23,IN,100/300,500,1489.17,-1000000,680097,MALE,Associate,farming-fishing,yachting,wife,0,0,2015-10-26,Parked Car,Rear Collision,Trivial Damage,Police,WV,1,1,NO,1,1,YES,31008,18173,9810,3025,Accura,1998
223,44,1995-06-06,IL,500/1000,1000,1026.27,0,207581,MALE,Associate,protective-serv,golf,own-child,59447,-11921,2015-12-16,Vehicle Theft,Rear Collision,Major Damage,None,NC,23,3,NO,1,0,NO,81508,8739,2707,70062,Saab,1999
286,57,1991-10-27,IN,500/1000,1000,1881.99,-1000000,350867,FEMALE,College,armed-forces,golf,wife,0,0,2015-09-15,Single Vehicle Collision,Front Collision,Trivial Damage,Police,NY,12,2,YES,0,3,YES,87456,14747,8493,64216,Honda,2011
293,63,,OH,100/300,2000,1099.93,0,794395,FEMALE,Masters,machine-op-inspct,hiking,wife,0,0,2015-07-05,Vehicle Theft,Side Collision,Major Damage,Fire,PA,6,2,NO,2,2,YES,58614,13447,16443,28724,Dodge,2005
4,59,2012-03-23,OH,250/500,2000,956.87,-1000000,931016,MALE,High School,craft-repair,board-games,not-in-family,0,0,2015-01-02,Single Vehicle Collision,Rear Collision,Total Loss,Other,VA,8,4,NO,2,0,NO,67362,9613,11746,46003,Accura,2012
52,24,2008-06-28,OH,250/500,2000,1736.51,5000000,479201,MALE,PhD,armed-forces,basketball,unmarried,0,0,2015-10-09,Multi-vehicle Collision,Rear Collision,Minor Damage,Police,OH,14,3,YES,1,1,YES,83878,17571,4090,62217,Ford,2004
114,20,2004-12-21,IL,250/500,500,494.86,0,675462,FEMALE,JD,tech-support,golf,wife,0,0,2015-03-05,Parked Car,Side Collision,Major Damage,Police,WV,19,4,YES,0,2,YES,83843,4547,15371,63925,Volkswagen,2013
4,25,1991-08-02,OH,250/500,2000,578.57,5000000,385765,MALE,Associate,transport-moving,reading,own-child,0,0,2015-12-05,Single Vehicle Collision,Front Collision,Major Damage,None,WV,21,4,NO,0,0,NO,105864,10705,13615,81544,Toyota,2010
2,21,1995-10-11,IN,250/500,2000,1282.41,-1000000,516791,MALE,MD,handlers-cleaners,sleeping,other-relative,42505,0,2015-08-04,Multi-vehicle Collision,Front Collision,Total Loss,None,VA,21,3,YES,2,0,NO,65993,502,4723,60768,Audi,2011
70,28,2011-02-17,IL,500/1000,1000,1848.37,0,530816,FEMALE,PhD,sales,dancing,other-relative,0,-50308,2015-11-11,Single Vehicle Collision,Side Collision,Minor Damage,None,NY,9,4,YES,1,0,YES,51090,19570,12344,19176,Saab,2012
451,45,1990-12-11,IL,250/500,500,1620.12,0,956253,FEMALE,Associate,farming-fishing,dancing,wife,0,0,2015-11-28,Vehicle Theft,Front Collision,Trivial Damage,Police,WV,8,3,NO,2,2,YES,48485,8742,5216,34527,Volkswagen,2015
343,36,1992-11-06,IL,250/500,1000,1045.82,0,169403,MALE,Masters,sales,hiking,wife,86909,-26928,2015-03-15,Single Vehicle Collision,Rear Collision,Trivial Damage,Police,NY,7,3,NO,2,1,YES,92822,7196,10626,75000,Honda,2009
310,51,1991-10-11,IL,250/500,1000,1627.0,-1000000,214928,FEMALE,Masters,farming-fishing,base-jumping,not-in-family,0,0,,Multi-vehicle Collision,Side Collision,Major Damage,Other,PA,5,4,YES,2,2,NO,71698,19455,11022,41221,Chevrolet,1999
108,53,2007-05-13,OH,500/1000,500,1162.15,5000000,330914,MALE,JD,sales,basketball,wife,0,0,2015-08-17,Multi-vehicle Collision,Side Collision,Minor Damage,Police,NY,8,4,YES,2,1,YES,43953,7362,2098,34493,BMW,2013
391,44,1990-07-02,IL,250/500,1000,899.09,0,,FEMALE,MD,craft-repair,cross-fit,not-in-family,67731,0,2015-06-18,Multi-vehicle Collision,Front Collision,Major Damage,Fire,NY,22,3,NO,2,2,YES,83919,16523,14757,52639,Jeep,2002
15,33,2013-01-01,IN,100/300,500,1672.27,2000000,658453,MALE,Masters,priv-house-serv,kayaking,husband,0,0,2015-05-07,Parked Car,Front Collision,Major Damage,None,WV,10,4,NO,2,0,NO,99191,9484,10751,78956,Saab,2011
14,36,2001-01-17,IL,100/300,1000,1595.92,0,524045,MALE,Associate,protective-serv,video-games,own-child,0,0,2015-02-08,Vehicle Theft,Side Collision,Total Loss,Other,PA,8,3,NO,0,0,NO,108031,18192,7874,81965,Audi,2004
238,63,1995-03-20,OH,100/300,500,607.58,5000000,824161,MALE,JD,sales,golf,unmarried,0,0,2015-03-10,Vehicle Theft,Side Collision,Minor Damage,Police,PA,21,3,YES,2,2,YES,34454,10222,18867,5365,Saab,2008
169,20,2002-03-19,OH,100/300,1000,1396.46,0,843215,FEMALE,JD,priv-house-serv,sleeping,unmarried,0,-24869,2015-01-04,Multi-vehicle Collision,Side Collision,Trivial Damage,Police,OH,19,3,YES,2,2,YES,71886,10278,14299,47309,Dodge,2014
314,57,1991-10-18,IN,100/300,1000,1356.23,-1000000,188425,MALE,JD,exec-managerial,polo,other-relative,0,0,2015-08-26,Vehicle Theft,Rear Collision,Major Damage,Police,PA,10,1,NO,0,2,YES,57031,10535,19824,26672,Ford,2001
255,52,1993-02-09,IL,500/1000,1000,779.53,0,949884,FEMALE,PhD,handlers-cleaners,board-games,not-in-family,0,0,2015-12-15,Single Vehicle Collision,Side Collision,Minor Damage,Other,VA,22,2,NO,2,0,YES,62085,16095,6559,39431,Chevrolet,2001
101,30,2008-02-06,IN,100/300,1000,1343.43,2000000,762055,FEMALE,MD,farming-fishing,video-games,husband,0,-21342,2015-08-25,Parked Car,Front Collision,Major Damage,Fire,NC,11,3,YES,2,2,NO,111158,14709,18497,77952,Volkswagen,2000
254,59,1994-05-16,IL,250/500,2000,913.36,0,427766,FEMALE,PhD,transport-moving,kayaking,other-relative,0,0,2015-11-13,Vehicle Theft,Front Collision,Major Damage,Other,PA,3,3,NO,0,1,NO,18706,1963,5179,11564,BMW,2001
170,27,1999-12-15,OH,100/300,1000,613.68,0,143860,FEMALE,Associate,tech-support,basketball,own-child,0,0,2015-09-01,Vehicle Theft,Side Collision,Minor Damage,Police,WV,13,2,YES,0,3,YES,40593,17877,1180,21536,Toyota,2003
15,42,1997-09-08,IN,250/500,2000,1900.63,0,614084,FEMALE,JD,armed-forces,hiking,not-in-family,0,0,2015-12-26,Vehicle Theft,Rear Collision,Major Damage,None,SC,16,3,NO,2,0,NO,110420,9883,15009,85528,Nissan,2011
327,26,1992-05-08,IL,100/300,500,598.53,0,629903,MALE,Masters,exec-managerial,sleeping,other-relative,29893,0,2015-03-24,Multi-vehicle Collision,Front Collision,Minor Damage,Police,VA,13,3,NO,0,1,YES,95679,2848,19349,73482,Chevrolet,2008
206,26,1999-10-02,OH,250/500,500,1375.63,0,515011,MALE,PhD,protective-serv,golf,other-relative,0,-1610,2015-07-22,Multi-vehicle Collision,Front Collision,Trivial Damage,Police,SC,6,3,YES,1,3,YES,89432,10366,8544,70522,Audi,2005
285,62,1991-05-24,OH,250/500,2000,1374.12,0,952686,MALE,PhD,sales,skydiving,husband,85675,0,2015-06-03,Multi-vehicle Collision,Rear Collision,Major Damage,Ambulance,OH,5,2,NO,1,0,YES,42164,11462,10165,20537,Chevrolet,2005
25,37,2012-07-08,IL,100/300,1000,1597.62,5000000,579441,MALE,High School,prof-specialty,kayaking,husband,0,-33433,2015-06-19,Vehicle Theft,Side Collision,Major Damage,Other,NC,3,4,YES,1,1,NO,,5221,16327,26881,Suburu,2009
3,37,1990-08-12,IN,500/1000,1000,1547.86,5000000,410244,FEMALE,JD,transport-moving,movies,own-child,0,-40741,2015-11-14,Vehicle Theft,Front Collision,Total Loss,Other,SC,11,2,YES,2,0,NO,61971,9899,6527,45545,Dodge,2002
236,37,1995-09-14,IL,250/500,500,1409.53,0,386042,FEMALE,Masters,craft-repair,paintball,husband,30102,0,2015-04-26,Multi-vehicle Collision,Rear Collision,Major Damage,None,NC,12,3,YES,1,2,YES,52224,1709,15747,34768,Audi,2009
9,26,2001-04-24,IN,100/300,1000,1385.18,0,842411,MALE,Associate,adm-clerical,basketball,not-in-family,0,-42803,2015-05-24,Multi-vehicle Collision,Front Collision,Major Damage,None,SC,9,4,NO,1,0,NO,73736,19555,9273,44908,Ford,2003
2,27,1991-12-16,IL,250/500,500,1416.33,-1000000,972565,MALE,College,sales,golf,not-in-family,36838,-55704,2015-01-21,Parked Car,Front Collision,Major Damage,Other,PA,17,2,NO,0,0,NO,60096,5189,10182,44725,Nissan,2014
124,49,2002-02-04,IN,100/300,500,1096.93,0,299448,FEMALE,High School,machine-op-inspct,chess,own-child,0,0,2015-06-14,Parked Car,Side Collision,Minor Damage,Police,NC,1,1,YES,0,3,YES,14310,3224,1986,9100,BMW,2011
112,27,2003-01-28,OH,250/500,2000,691.37,0,680099,MALE,PhD,sales,bungie-jumping,unmarried,0,0,2015-03-21,Multi-vehicle Collision,Rear Collision,Minor Damage,Police,PA,5,4,YES,2,2,YES,78957,19543,2081,57333,Suburu,2006
152,37,2004-12-16,IN,100/300,1000,1338.19,,182868,FEMALE,College,protective-serv,exercise,unmarried,0,0,2015-08-12,Vehicle Theft,Front Collision,Major Damage,Fire,NC,19,2,YES,0,1,NO,51265,9430,3993,37842,Saab,2014
148,26,2000-06-06,IN,500/1000,1000,575.33,0,449247,MALE,JD,priv-house-serv,bungie-jumping,not-in-family,0,0,2015-12-12,Vehicle Theft,Side Collision,Major Damage,Other,WV,20,2,YES,0,2,YES,38123,7972,14276,15875,BMW,2006
47,34,2010-04-05,OH,250/500,1000,2022.06,2000000,355836,MALE,PhD,sales,base-jumping,husband,0,-12526,2015-01-08,Multi-vehicle Collision,Side Collision,Trivial Damage,Police,NY,3,4,YES,1,3,YES,40048,14923,13580,11545,Saab,2014
