review_cost,fraud_share,recovery_rate,threshold,missed_fraud_loss,review_cost_total,total_cost,flag_rate,recall,precision
250.0,0.1,0.3,0.26,90527.99999999999,70000.0,160528.0,0.35,0.696969696969697,0.4928571428571429
250.0,0.1,0.6,0.1,18504.0,175000.0,193504.0,0.875,0.9545454545454546,0.27
250.0,0.1,0.9,0.04,0.0,199500.0,199500.0,0.9975,1.0,0.24812030075187969
250.0,0.25,0.3,0.1,23130.0,175000.0,198130.0,0.875,0.9545454545454546,0.27
250.0,0.25,0.6,0.04,0.0,199500.0,199500.0,0.9975,1.0,0.24812030075187969
250.0,0.25,0.9,0.04,0.0,199500.0,199500.0,0.9975,1.0,0.24812030075187969
250.0,0.5,0.3,0.04,0.0,199500.0,199500.0,0.9975,1.0,0.24812030075187969
250.0,0.5,0.6,0.04,0.0,199500.0,199500.0,0.9975,1.0,0.24812030075187969
250.0,0.5,0.9,0.04,0.0,199500.0,199500.0,0.9975,1.0,0.24812030075187969
1000.0,0.1,0.3,0.48,235133.09999999998,102000.0,337133.1,0.1275,0.30303030303030304,0.5882352941176471
1000.0,0.1,0.6,0.26,181055.99999999997,280000.0,461056.0,0.35,0.696969696969697,0.4928571428571429
1000.0,0.1,0.9,0.26,271584.0,280000.0,551584.0,0.35,0.696969696969697,0.4928571428571429
1000.0,0.25,0.3,0.26,226320.0,280000.0,506320.0,0.35,0.696969696969697,0.4928571428571429
1000.0,0.25,0.6,0.12,92997.0,626000.0,718997.0,0.7825,0.9090909090909091,0.28753993610223644
1000.0,0.25,0.9,0.12,139495.5,626000.0,765495.5,0.7825,0.9090909090909091,0.28753993610223644
1000.0,0.5,0.3,0.12,92997.0,626000.0,718997.0,0.7825,0.9090909090909091,0.28753993610223644
1000.0,0.5,0.6,0.1,92520.0,700000.0,792520.0,0.875,0.9545454545454546,0.27
1000.0,0.5,0.9,0.04,0.0,798000.0,798000.0,0.9975,1.0,0.24812030075187969
2500.0,0.1,0.3,0.8,356884.5,0.0,356884.5,0.0,0.0,0.0
2500.0,0.1,0.6,0.66,680751.5999999999,22500.0,703251.5999999999,0.01125,0.04040404040404041,0.8888888888888888
2500.0,0.1,0.9,0.36,453188.70000000007,470000.0,923188.7000000001,0.235,0.5303030303030303,0.5585106382978723
2500.0,0.25,0.3,0.48,587832.75,255000.0,842832.75,0.1275,0.30303030303030304,0.5882352941176471
2500.0,0.25,0.6,0.26,452640.0,700000.0,1152640.0,0.35,0.696969696969697,0.4928571428571429
2500.0,0.25,0.9,0.26,678960.0,700000.0,1378960.0,0.35,0.696969696969697,0.4928571428571429
2500.0,0.5,0.3,0.26,452640.0,700000.0,1152640.0,0.35,0.696969696969697,0.4928571428571429
2500.0,0.5,0.6,0.26,905280.0,700000.0,1605280.0,0.35,0.696969696969697,0.4928571428571429
2500.0,0.5,0.9,0.12,278991.0,1565000.0,1843991.0,0.7825,0.9090909090909091,0.28753993610223644
5000.0,0.1,0.3,0.8,356884.5,0.0,356884.5,0.0,0.0,0.0
5000.0,0.1,0.6,0.8,713769.0,0.0,713769.0,0.0,0.0,0.0
5000.0,0.1,0.9,0.66,1021127.3999999999,45000.0,1066127.4,0.01125,0.04040404040404041,0.8888888888888888
5000.0,0.25,0.3,0.74,881436.0,10000.0,891436.0,0.0025,0.010101010101010102,1.0
5000.0,0.25,0.6,0.48,1175665.5,510000.0,1685665.5,0.1275,0.30303030303030304,0.5882352941176471
5000.0,0.25,0.9,0.3,916215.75,1120000.0,2036215.75,0.28,0.6111111111111112,0.5401785714285714
5000.0,0.5,0.3,0.48,1175665.5,510000.0,1685665.5,0.1275,0.30303030303030304,0.5882352941176471
5000.0,0.5,0.6,0.26,905280.0,1400000.0,2305280.0,0.35,0.696969696969697,0.4928571428571429
5000.0,0.5,0.9,0.26,1357920.0,1400000.0,2757920.0,0.35,0.696969696969697,0.4928571428571429
