threshold,tn,fp,fn,tp,fn_cost,fp_cost,total_cost,recall,precision
0.01,0,602,0,198,0.0,150500.0,150500.0,1.0,0.2475
0.03,0,602,0,198,0.0,150500.0,150500.0,1.0,0.2475
0.05,7,595,0,198,0.0,148750.0,148750.0,1.0,0.24968474148802017
0.06999999999999999,65,537,5,193,28010.0,134250.0,162260.0,0.9747474747474747,0.26438356164383564
0.09,159,443,8,190,198640.0,110750.0,309390.0,0.9595959595959596,0.3001579778830964
0.11,281,321,11,187,353700.0,80250.0,433950.0,0.9444444444444444,0.36811023622047245
0.13,372,230,17,181,715770.0,57500.0,773270.0,0.9141414141414141,0.44038929440389296
0.15000000000000002,433,169,19,179,873890.0,42250.0,916140.0,0.9040404040404041,0.514367816091954
0.17,473,129,20,178,920090.0,32250.0,952340.0,0.898989898989899,0.5798045602605864
0.19,493,109,21,177,998690.0,27250.0,1025940.0,0.8939393939393939,0.6188811188811189
0.21000000000000002,500,102,21,177,998690.0,25500.0,1024190.0,0.8939393939393939,0.6344086021505376
0.23,504,98,21,177,998690.0,24500.0,1023190.0,0.8939393939393939,0.6436363636363637
0.25,506,96,21,177,998690.0,24000.0,1022690.0,0.8939393939393939,0.6483516483516484
0.27,508,94,21,177,998690.0,23500.0,1022190.0,0.8939393939393939,0.6531365313653137
0.29000000000000004,508,94,21,177,998690.0,23500.0,1022190.0,0.8939393939393939,0.6531365313653137
0.31,508,94,21,177,998690.0,23500.0,1022190.0,0.8939393939393939,0.6531365313653137
0.33,508,94,21,177,998690.0,23500.0,1022190.0,0.8939393939393939,0.6531365313653137
0.35000000000000003,508,94,21,177,998690.0,23500.0,1022190.0,0.8939393939393939,0.6531365313653137
0.37,508,94,21,177,998690.0,23500.0,1022190.0,0.8939393939393939,0.6531365313653137
0.39,508,94,21,177,998690.0,23500.0,1022190.0,0.8939393939393939,0.6531365313653137
0.41000000000000003,508,94,21,177,998690.0,23500.0,1022190.0,0.8939393939393939,0.6531365313653137
0.43,508,94,21,177,998690.0,23500.0,1022190.0,0.8939393939393939,0.6531365313653137
0.45,508,94,22,176,1067690.0,23500.0,1091190.0,0.8888888888888888,0.6518518518518519
0.47000000000000003,508,94,24,174,1169840.0,23500.0,1193340.0,0.8787878787878788,0.6492537313432836
0.49,508,94,24,174,1169840.0,23500.0,1193340.0,0.8787878787878788,0.6492537313432836
0.51,508,94,24,174,1169840.0,23500.0,1193340.0,0.8787878787878788,0.6492537313432836
0.53,508,94,25,173,1257800.0,23500.0,1281300.0,0.8737373737373737,0.6479400749063671
0.55,508,94,28,170,1464830.0,23500.0,1488330.0,0.8585858585858586,0.6439393939393939
0.5700000000000001,512,90,29,169,1519830.0,22500.0,1542330.0,0.8535353535353535,0.6525096525096525
0.59,513,89,32,166,1686810.0,22250.0,1709060.0,0.8383838383838383,0.6509803921568628
0.61,514,88,36,162,1868700.0,22000.0,1890700.0,0.8181818181818182,0.648
0.63,519,83,38,160,1988910.0,20750.0,2009660.0,0.8080808080808081,0.6584362139917695
0.65,526,76,51,147,2764740.0,19000.0,2783740.0,0.7424242424242424,0.6591928251121076
0.67,531,71,65,133,3658570.0,17750.0,3676320.0,0.6717171717171717,0.6519607843137255
0.6900000000000001,536,66,88,110,4938540.0,16500.0,4955040.0,0.5555555555555556,0.625
0.7100000000000001,541,61,108,90,6048580.0,15250.0,6063830.0,0.45454545454545453,0.5960264900662252
0.73,546,56,133,65,7574450.0,14000.0,7588450.0,0.3282828282828283,0.5371900826446281
0.75,557,45,152,46,8762690.0,11250.0,8773940.0,0.23232323232323232,0.5054945054945055
0.77,567,35,165,33,9659220.0,8750.0,9667970.0,0.16666666666666666,0.4852941176470588
0.79,577,25,180,18,10724180.0,6250.0,10730430.0,0.09090909090909091,0.4186046511627907
0.81,589,13,185,13,11057900.0,3250.0,11061150.0,0.06565656565656566,0.5
0.8300000000000001,596,6,191,7,11423770.0,1500.0,11425270.0,0.03535353535353535,0.5384615384615384
0.85,599,3,197,1,11824470.0,750.0,11825220.0,0.005050505050505051,0.25
0.87,601,1,198,0,11896150.0,250.0,11896400.0,0.0,0.0
0.89,601,1,198,0,11896150.0,250.0,11896400.0,0.0,0.0
0.91,601,1,198,0,11896150.0,250.0,11896400.0,0.0,0.0
0.93,602,0,198,0,11896150.0,0.0,11896150.0,0.0,0.0
0.9500000000000001,602,0,198,0,11896150.0,0.0,11896150.0,0.0,0.0
0.97,602,0,198,0,11896150.0,0.0,11896150.0,0.0,0.0
0.99,602,0,198,0,11896150.0,0.0,11896150.0,0.0,0.0
