fold,model,threshold,params,roc_auc,pr_auc,f1,recall,precision,flag_rate,n_train,n_val
0,major_damage_rule,0.05,{},0.7635092180546725,0.47270867430441904,0.627906976744186,0.6923076923076923,0.574468085106383,0.29375,640,160
0,logistic_regression,0.55,{'C': 0.01},0.7264250900614537,0.49524787964792316,0.558139534883721,0.6153846153846154,0.5106382978723404,0.29375,640,160
0,random_forest,0.56,"{'max_depth': 3, 'min_samples_leaf': 5}",0.7584233947870311,0.49460844449608865,0.627906976744186,0.6923076923076923,0.574468085106383,0.29375,640,160
0,xgboost,0.39,"{'max_depth': 2, 'n_estimators': 100}",0.7457088366179275,0.44633407967436034,0.6206896551724138,0.6923076923076923,0.5625,0.3,640,160
1,major_damage_rule,0.05,{},0.775058275058275,0.5326566951566952,0.6666666666666666,0.6410256410256411,0.6944444444444444,0.225,640,160
1,logistic_regression,0.53,{'C': 0.01},0.797626615808434,0.6433356572504512,0.6842105263157895,0.6666666666666666,0.7027027027027027,0.23125,640,160
1,random_forest,0.43,"{'max_depth': 3, 'min_samples_leaf': 5}",0.7827929646111464,0.6008668103118513,0.6666666666666666,0.6410256410256411,0.6944444444444444,0.225,640,160
1,xgboost,0.41,"{'max_depth': 2, 'n_estimators': 100}",0.8111888111888113,0.5920487378867689,0.6575342465753424,0.6153846153846154,0.7058823529411765,0.2125,640,160
2,major_damage_rule,0.05,{},0.7958333333333334,0.5359722222222223,0.6823529411764706,0.725,0.6444444444444445,0.28125,640,160
2,logistic_regression,0.5,{'C': 0.01},0.7985416666666667,0.6338640238927231,0.5894736842105263,0.7,0.509090909090909,0.34375,640,160
2,random_forest,0.4,"{'max_depth': 3, 'min_samples_leaf': 2}",0.8179166666666666,0.6341007087483033,0.6823529411764706,0.725,0.6444444444444445,0.28125,640,160
2,xgboost,0.41,"{'max_depth': 2, 'n_estimators': 100}",0.7875,0.6170135287840822,0.6666666666666666,0.725,0.6170212765957447,0.29375,640,160
3,major_damage_rule,0.05,{},0.7083333333333334,0.4211309523809524,0.5609756097560975,0.575,0.5476190476190477,0.2625,640,160
3,logistic_regression,0.5,{'C': 0.01},0.7272916666666666,0.49683866941024535,0.5647058823529412,0.6,0.5333333333333333,0.28125,640,160
3,random_forest,0.56,"{'max_depth': 3, 'min_samples_leaf': 2}",0.7483333333333333,0.47678370320567454,0.5609756097560975,0.575,0.5476190476190477,0.2625,640,160
3,xgboost,0.36,"{'max_depth': 3, 'n_estimators': 100}",0.7247916666666667,0.447041511469528,0.5647058823529412,0.6,0.5333333333333333,0.28125,640,160
4,major_damage_rule,0.05,{},0.7458333333333333,0.45318877551020403,0.6067415730337078,0.675,0.5510204081632653,0.30625,640,160
4,logistic_regression,0.48,{'C': 0.1},0.67625,0.4156913849677363,0.5000000000000001,0.65,0.40625,0.4,640,160
4,random_forest,0.41,"{'max_depth': 3, 'min_samples_leaf': 5}",0.7102083333333333,0.4486543941723161,0.5934065934065933,0.675,0.5294117647058824,0.31875,640,160
4,xgboost,0.46,"{'max_depth': 2, 'n_estimators': 100}",0.6822916666666666,0.3966216368442045,0.6000000000000001,0.675,0.54,0.3125,640,160
5,major_damage_rule,0.05,{},0.7370205552023734,0.46659736659736656,0.6052631578947368,0.5897435897435898,0.6216216216216216,0.23125,640,160
5,logistic_regression,0.46,{'C': 0.1},0.7429540156812884,0.54679061381345,0.5494505494505495,0.6410256410256411,0.4807692307692308,0.325,640,160
5,random_forest,0.38,"{'max_depth': 3, 'min_samples_leaf': 2}",0.7658402203856748,0.5160042311267561,0.6052631578947368,0.5897435897435898,0.6216216216216216,0.23125,640,160
5,xgboost,0.38,"{'max_depth': 3, 'n_estimators': 100}",0.7421063784700148,0.5008281689558309,0.5641025641025641,0.5641025641025641,0.5641025641025641,0.24375,640,160
6,major_damage_rule,0.05,{},0.762661580843399,0.49841387245233404,0.6410256410256411,0.6410256410256411,0.6410256410256411,0.24375,640,160
6,logistic_regression,0.5,{'C': 0.01},0.7586353040898495,0.5439346564337489,0.5714285714285715,0.6666666666666666,0.5,0.325,640,160
6,random_forest,0.42,"{'max_depth': 3, 'min_samples_leaf': 5}",0.7635092180546726,0.5031778515617096,0.6410256410256411,0.6410256410256411,0.6410256410256411,0.24375,640,160
6,xgboost,0.41,"{'max_depth': 2, 'n_estimators': 100}",0.7340538249629158,0.4808374936162415,0.6329113924050633,0.6410256410256411,0.625,0.25,640,160
7,major_damage_rule,0.05,{},0.7625,0.475,0.6292134831460674,0.7,0.5714285714285714,0.30625,640,160
7,logistic_regression,0.48,{'C': 0.1},0.7241666666666666,0.4361770323162131,0.5154639175257731,0.625,0.43859649122807015,0.35625,640,160
7,random_forest,0.45,"{'max_depth': 3, 'min_samples_leaf': 2}",0.7316666666666666,0.45971100711099916,0.6292134831460674,0.7,0.5714285714285714,0.30625,640,160
7,xgboost,0.44,"{'max_depth': 3, 'n_estimators': 100}",0.7747916666666667,0.48478799251923843,0.6136363636363636,0.675,0.5625,0.3,640,160
8,major_damage_rule,0.05,{},0.7458333333333333,0.46305555555555555,0.6117647058823529,0.65,0.5777777777777777,0.28125,640,160
8,logistic_regression,0.51,{'C': 0.01},0.7541666666666667,0.4999638779032219,0.5977011494252874,0.65,0.5531914893617021,0.29375,640,160
8,random_forest,0.42,"{'max_depth': 5, 'min_samples_leaf': 2}",0.7347916666666667,0.4674804729174712,0.6117647058823529,0.65,0.5777777777777777,0.28125,640,160
8,xgboost,0.39,"{'max_depth': 2, 'n_estimators': 100}",0.7697916666666667,0.5105278612552248,0.6117647058823529,0.65,0.5777777777777777,0.28125,640,160
9,major_damage_rule,0.05,{},0.7791666666666668,0.4978316326530612,0.6516853932584269,0.725,0.5918367346938775,0.30625,640,160
9,logistic_regression,0.55,{'C': 0.01},0.8070833333333333,0.5006942683631683,0.6021505376344085,0.7,0.5283018867924528,0.33125,640,160
9,random_forest,0.38,"{'max_depth': 3, 'min_samples_leaf': 2}",0.8204166666666667,0.5401785412089892,0.6373626373626374,0.725,0.5686274509803921,0.31875,640,160
9,xgboost,0.38,"{'max_depth': 2, 'n_estimators': 100}",0.8041666666666666,0.6205843715410848,0.6373626373626374,0.725,0.5686274509803921,0.31875,640,160
10,major_damage_rule,0.05,{},0.7548209366391183,0.4664351851851851,0.619047619047619,0.6666666666666666,0.5777777777777777,0.28125,640,160
10,logistic_regression,0.54,{'C': 0.01},0.7766475948294129,0.5014788305201028,0.5681818181818182,0.6410256410256411,0.5102040816326531,0.30625,640,160
10,random_forest,0.38,"{'max_depth': 8, 'min_samples_leaf': 2}",0.7654164017800381,0.5077720231903652,0.6117647058823529,0.6666666666666666,0.5652173913043478,0.2875,640,160
10,xgboost,0.42,"{'max_depth': 2, 'n_estimators': 100}",0.8114007204916295,0.5170585938515384,0.619047619047619,0.6666666666666666,0.5777777777777777,0.28125,640,160
11,major_damage_rule,0.05,{},0.7883026064844246,0.5309099437148218,0.675,0.6923076923076923,0.6585365853658537,0.25625,640,160
11,logistic_regression,0.55,{'C': 0.01},0.7929646111464294,0.5715853609372672,0.6588235294117647,0.717948717948718,0.6086956521739131,0.2875,640,160
11,random_forest,0.38,"{'max_depth': 3, 'min_samples_leaf': 2}",0.7933884297520661,0.5912720816919916,0.6666666666666666,0.6923076923076923,0.6428571428571429,0.2625,640,160
11,xgboost,0.38,"{'max_depth': 2, 'n_estimators': 100}",0.7978385251112524,0.6129880436032884,0.6506024096385543,0.6923076923076923,0.6136363636363636,0.275,640,160
12,major_damage_rule,0.05,{},0.7374999999999999,0.4470744680851064,0.5977011494252874,0.65,0.5531914893617021,0.29375,640,160
12,logistic_regression,0.5,{'C': 0.01},0.7304166666666667,0.47277293187166464,0.5517241379310344,0.6,0.5106382978723404,0.29375,640,160
12,random_forest,0.35,"{'max_depth': 5, 'min_samples_leaf': 2}",0.7385416666666667,0.4228651731741439,0.5909090909090908,0.65,0.5416666666666666,0.3,640,160
12,xgboost,0.38,"{'max_depth': 3, 'n_estimators': 100}",0.738125,0.4341344888492278,0.6024096385542168,0.625,0.5813953488372093,0.26875,640,160
13,major_damage_rule,0.05,{},0.7208333333333333,0.43488372093023253,0.5783132530120482,0.6,0.5581395348837209,0.26875,640,160
13,logistic_regression,0.45,{'C': 1.0},0.6964583333333333,0.4228437901560626,0.5102040816326531,0.625,0.43103448275862066,0.3625,640,160
13,random_forest,0.4,"{'max_depth': 3, 'min_samples_leaf': 2}",0.726875,0.4632054991114625,0.5647058823529412,0.6,0.5333333333333333,0.28125,640,160
13,xgboost,0.48,"{'max_depth': 2, 'n_estimators': 100}",0.7260416666666667,0.486484299615206,0.5783132530120482,0.6,0.5581395348837209,0.26875,640,160
14,major_damage_rule,0.05,{},0.7875,0.5308139534883721,0.674698795180723,0.7,0.6511627906976745,0.26875,640,160
14,logistic_regression,0.48,{'C': 0.01},0.7620833333333333,0.5499370718634072,0.6,0.75,0.5,0.375,640,160
14,random_forest,0.38,"{'max_depth': 3, 'min_samples_leaf': 5}",0.8150000000000001,0.6294461398819988,0.674698795180723,0.7,0.6511627906976745,0.26875,640,160
14,xgboost,0.41,"{'max_depth': 2, 'n_estimators': 100}",0.8091666666666666,0.5484372810405177,0.6666666666666667,0.675,0.6585365853658537,0.25625,640,160
