claim_to_premium_ratio,vehicle_claim_pct,injury_claim_pct,property_claim_pct,policy_age_at_incident_days,is_new_customer,vehicle_age_at_incident,incident_severity_ordinal,is_major_damage,months_as_customer,age,policy_deductable,policy_annual_premium,umbrella_limit,capital-gains,capital-loss,incident_hour_of_the_day,number_of_vehicles_involved,bodily_injuries,witnesses,total_claim_amount,injury_claim,property_claim,vehicle_claim,auto_year,policy_state_IL,policy_state_IN,policy_state_OH,policy_csl_100/300,policy_csl_250/500,policy_csl_500/1000,insured_sex_FEMALE,insured_sex_MALE,insured_education_level_Associate,insured_education_level_College,insured_education_level_High School,insured_education_level_JD,insured_education_level_MD,insured_education_level_Masters,insured_education_level_PhD,insured_relationship_husband,insured_relationship_not-in-family,insured_relationship_other-relative,insured_relationship_own-child,insured_relationship_unmarried,insured_relationship_wife,incident_type_Multi-vehicle Collision,incident_type_Parked Car,incident_type_Single Vehicle Collision,incident_type_Vehicle Theft,collision_type_Front Collision,collision_type_Rear Collision,collision_type_Side Collision,authorities_contacted_Ambulance,authorities_contacted_Fire,authorities_contacted_None,authorities_contacted_Other,authorities_contacted_Police,incident_state_NC,incident_state_NY,incident_state_OH,incident_state_PA,incident_state_SC,incident_state_VA,incident_state_WV,property_damage_NO,property_damage_YES,police_report_available_NO,police_report_available_YES,y_true
4.8064318797518135,0.8181818181818182,0.09090909090909091,0.09090909090909091,8568,0,5,1,0,285,44,2000,1144.3,0,52600,0,3,1,1,0,5500,500,500,4500,2010,False,False,True,False,True,False,False,True,False,False,False,False,True,False,False,False,True,False,False,False,False,False,False,False,True,False,True,False,False,False,False,False,True,False,False,False,False,False,False,True,False,True,True,False,0
46.28844014555876,0.7,0.2,0.1,3560,0,19,2,1,230,37,1000,1060.74,0,0,-51500,15,1,2,3,49100,9820,4910,34370,1996,True,False,False,False,False,True,False,True,False,False,False,False,False,False,True,False,False,False,True,False,False,False,False,True,False,False,True,False,True,False,False,False,False,False,False,False,False,True,False,False,False,True,True,False,1
51.5080148902226,0.6666666666666666,0.16666666666666666,0.16666666666666666,976,0,2,1,0,101,33,1000,1053.04,7000000,52000,-44500,20,3,1,3,54240,9040,9040,36160,2013,False,False,True,True,False,False,True,False,False,False,False,False,False,True,False,False,False,False,True,False,False,True,False,False,False,False,True,False,True,False,False,False,False,True,False,False,False,False,False,False,True,False,True,False,1
48.70958009928417,0.75,0.08333333333333333,0.16666666666666666,4370,0,0,2,1,266,42,500,1093.83,4000000,0,-49600,18,3,1,1,53280,4440,8880,39960,2015,False,True,False,True,False,False,False,True,True,False,False,False,False,False,False,False,False,True,False,False,False,True,False,False,False,False,False,True,True,False,False,False,False,False,False,False,False,False,False,True,True,False,True,False,1
61.66046041820567,0.7,0.2,0.1,4011,0,17,1,0,430,59,2000,1326.62,7000000,0,0,19,3,0,3,81800,16360,8180,57260,1998,False,False,True,False,True,False,False,True,False,False,False,False,True,False,False,False,False,False,True,False,False,True,False,False,False,True,False,False,False,True,False,False,False,False,True,False,False,False,False,False,True,False,False,True,0
48.78965514748932,0.7777777777777778,0.1111111111111111,0.1111111111111111,4358,0,19,1,0,130,34,500,1383.49,3000000,35100,0,4,3,2,3,67500,7500,7500,52500,1996,False,False,True,False,True,False,True,False,False,False,False,False,False,True,False,False,False,True,False,False,False,True,False,False,False,False,False,True,False,False,False,False,True,True,False,False,False,False,False,False,True,False,False,True,0
39.423363116130446,0.8,0.1,0.1,4641,0,3,2,1,234,44,500,1780.67,0,0,0,3,1,1,0,70200,7020,7020,56160,2012,False,True,False,False,False,True,False,True,True,False,False,False,False,False,False,False,False,True,False,False,False,False,False,True,False,False,False,True,True,False,False,False,False,True,False,False,False,False,False,False,True,False,True,False,1
44.88778054862843,0.6363636363636364,0.18181818181818182,0.18181818181818182,4590,1,3,2,1,14,28,2000,1587.96,0,0,-26900,18,1,2,1,71280,12960,12960,45360,2012,False,False,True,False,True,False,True,False,True,False,False,False,False,False,False,False,False,False,False,True,False,False,False,True,False,False,True,False,False,True,False,False,False,False,False,False,False,False,False,True,True,False,False,True,1
22.310922730877746,0.625,0.25,0.125,2908,0,6,1,0,335,50,1000,1538.26,6000000,62200,-31400,12,3,2,3,34320,8580,4290,21450,2009,False,False,True,True,False,False,False,True,False,False,True,False,False,False,False,False,False,True,False,False,False,True,False,False,False,False,False,True,True,False,False,False,False,False,True,False,False,False,False,False,False,True,False,True,0
40.579667758540005,0.7,0.1,0.2,7753,0,3,3,0,359,47,2000,1367.68,0,0,0,13,1,0,3,55500,5550,11100,38850,2012,False,False,True,True,False,False,True,False,False,False,False,False,True,False,False,False,False,False,False,True,False,False,False,True,False,True,False,False,False,False,False,False,True,False,False,False,False,True,False,False,True,False,True,False,0
37.96751450375028,0.6666666666666666,0.1111111111111111,0.2222222222222222,8734,0,18,1,0,78,31,1000,1377.23,0,72600,0,1,3,2,1,52290,5810,11620,34860,1997,False,False,True,False,True,False,True,False,False,False,False,False,False,True,False,False,False,False,False,True,False,True,False,False,False,False,False,True,False,False,False,True,False,False,True,False,False,False,False,False,True,False,True,False,0
0.06745226066251611,0.7,0.1,0.2,6,0,13,0,0,89,32,2000,1482.53,0,49100,-45100,5,1,1,2,100,10,20,70,2002,False,True,False,True,False,False,True,False,False,False,False,False,True,False,False,False,True,False,False,False,False,False,True,False,False,False,True,False,False,False,False,False,True,False,False,False,False,False,False,True,False,True,True,False,0
43.902799563107195,0.6363636363636364,0.18181818181818182,0.18181818181818182,5040,1,11,2,1,11,40,2000,1217.69,0,24000,0,6,3,1,0,53460,9720,9720,34020,2004,False,False,True,False,False,True,True,False,False,False,False,False,True,False,False,False,False,False,False,False,True,True,False,False,False,False,False,True,False,False,False,True,False,False,False,False,False,True,False,False,True,False,True,False,1
73.89791064885223,0.7,0.1,0.2,7498,0,16,2,1,463,59,1000,979.73,0,51700,0,14,2,1,2,72400,7240,14480,50680,1999,True,False,False,False,True,False,True,False,False,False,False,True,False,False,False,False,True,False,False,False,False,True,False,False,False,True,False,False,False,False,False,True,False,False,False,False,False,True,False,False,True,False,True,False,1
36.59021394322432,0.7272727272727273,0.18181818181818182,0.09090909090909091,4349,0,4,1,0,187,34,500,1232.57,0,59500,0,7,3,0,0,45100,8200,4100,32800,2011,False,True,False,False,False,True,True,False,False,False,False,False,False,False,True,False,True,False,False,False,False,True,False,False,False,False,False,True,False,True,False,False,False,False,True,False,False,False,False,False,True,False,True,False,0
60.23592280758418,0.7272727272727273,0.18181818181818182,0.09090909090909091,8309,0,10,1,0,436,60,500,1362.31,0,67600,-65300,16,1,0,2,82060,14920,7460,59680,2005,False,True,False,False,True,False,False,True,False,False,True,False,False,False,False,False,False,False,False,False,True,False,False,True,False,True,False,False,True,False,False,False,False,False,False,False,False,False,True,False,True,False,True,False,0
36.60074431765755,0.7,0.2,0.1,6091,0,9,2,1,330,48,1000,1625.65,0,0,0,10,1,1,3,59500,11900,5950,41650,2006,False,False,True,False,True,False,False,True,False,True,False,False,False,False,False,True,False,False,False,False,False,False,False,True,False,False,False,True,True,False,False,False,False,False,False,False,False,False,True,False,False,True,True,False,0
49.2689262222967,0.7,0.2,0.1,3897,0,18,3,0,194,34,1000,1193.45,0,0,0,11,1,2,1,58800,11760,5880,41160,1997,True,False,False,False,True,False,False,True,False,False,False,True,False,False,False,False,True,False,False,False,False,False,False,True,False,False,True,False,True,False,False,False,False,False,False,False,False,False,False,True,True,False,False,True,0
35.909673858341854,0.75,0.125,0.125,5753,0,18,1,0,251,39,2000,1231.98,0,0,-31700,10,1,0,0,44240,5530,5530,33180,1997,False,True,False,False,False,True,True,False,True,False,False,False,False,False,False,False,True,False,False,False,False,False,False,True,False,False,True,False,False,False,False,False,True,False,True,False,False,False,False,False,False,True,True,False,0
79.23199463402365,0.6666666666666666,0.16666666666666666,0.16666666666666666,5448,0,10,2,1,64,25,1000,954.16,0,53200,0,22,4,0,0,75600,12600,12600,50400,2005,True,False,False,False,True,False,False,True,False,False,False,False,False,True,False,True,False,False,False,False,False,True,False,False,False,False,False,True,True,False,False,False,False,False,False,False,False,True,False,False,True,False,True,False,0
47.1034551609595,0.7,0.1,0.2,2883,0,4,1,0,230,43,2000,1101.83,0,28900,0,0,3,0,3,51900,5190,10380,36330,2011,False,True,False,False,False,True,False,True,False,False,True,False,False,False,False,False,False,True,False,False,False,True,False,False,False,True,False,False,False,False,False,False,True,False,True,False,False,False,False,False,True,False,False,True,1
28.678218787396343,0.7,0.1,0.2,835,0,0,2,1,144,37,2000,1896.91,0,73700,0,17,3,1,3,54400,5440,10880,38080,2015,False,False,True,False,True,False,True,False,False,False,False,False,False,False,True,False,True,False,False,False,False,True,False,False,False,False,True,False,False,True,False,False,False,False,False,False,False,True,False,False,False,True,True,False,1
53.471504361272245,0.7272727272727273,0.09090909090909091,0.18181818181818182,6929,0,9,3,0,259,42,2000,1170.53,0,65000,-49200,17,3,1,2,62590,5690,11380,45520,2006,False,False,True,True,False,False,True,False,False,False,False,False,False,False,True,False,False,False,False,False,True,True,False,False,False,False,True,False,False,True,False,False,False,False,False,False,False,False,False,True,True,False,False,True,0
5.376632072313358,0.7272727272727273,0.18181818181818182,0.09090909090909091,2880,0,20,1,0,76,31,500,1493.5,5000000,39900,-44000,7,1,2,1,8030,1460,730,5840,1995,False,False,True,False,False,True,True,False,True,False,False,False,False,False,False,False,True,False,False,False,False,False,False,False,True,False,True,False,False,False,False,False,True,False,False,False,False,False,False,True,True,False,True,False,0
48.084358984441565,0.7272727272727273,0.18181818181818182,0.09090909090909091,4866,0,2,1,0,304,49,1000,1525.86,0,0,0,2,1,1,1,73370,13340,6670,53360,2013,False,True,False,True,False,False,True,False,False,False,False,False,False,False,True,False,False,False,True,False,False,False,False,True,False,False,False,True,False,False,False,True,False,True,False,False,False,False,False,False,False,True,False,True,0
56.71372291529875,0.7272727272727273,0.18181818181818182,0.09090909090909091,7618,0,20,1,0,188,33,1000,1340.24,0,0,-68800,8,3,1,0,76010,13820,6910,55280,1995,True,False,False,False,True,False,False,True,False,False,True,False,False,False,False,False,False,False,True,False,False,True,False,False,False,False,True,False,False,False,False,False,True,False,True,False,False,False,False,False,False,True,True,False,1
33.34089362667272,0.7777777777777778,0.1111111111111111,0.1111111111111111,5322,0,13,3,0,141,30,1000,1851.78,0,78800,0,13,1,1,0,61740,6860,6860,48020,2002,True,False,False,False,True,False,True,False,False,False,True,False,False,False,False,False,False,True,False,False,False,False,False,True,False,True,False,False,False,True,False,False,False,False,False,False,False,True,False,False,True,False,False,True,0
52.89064578661295,0.7272727272727273,0.09090909090909091,0.18181818181818182,2169,0,19,1,0,266,46,2000,1578.54,0,0,-41400,18,1,1,3,83490,7590,15180,60720,1996,False,False,True,True,False,False,False,True,True,False,False,False,False,False,False,True,False,False,False,False,False,False,False,True,False,True,False,False,False,True,False,False,False,False,False,False,False,False,False,True,True,False,False,True,0
40.35551285130915,0.6666666666666666,0.16666666666666666,0.16666666666666666,6741,0,4,3,0,211,35,500,1040.75,0,0,0,1,1,1,1,42000,7000,7000,28000,2011,True,False,False,True,False,False,True,False,False,False,False,True,False,False,False,False,True,False,False,False,False,False,False,True,False,False,True,False,True,False,False,False,False,False,False,False,False,False,False,True,False,True,True,False,0
59.82284683520448,0.8181818181818182,0.09090909090909091,0.09090909090909091,4585,0,9,2,1,219,43,1000,1114.29,0,51300,0,1,1,2,2,66660,6060,6060,54540,2006,False,True,False,True,False,False,True,False,False,False,True,False,False,False,False,False,False,True,False,False,False,False,False,True,False,False,False,True,True,False,False,False,False,False,False,False,False,False,True,False,True,False,False,True,0
19.196252226280155,0.8,0.1,0.1,6568,0,3,3,0,27,33,500,1442.99,0,0,0,21,1,1,1,27700,2770,2770,22160,2012,True,False,False,True,False,False,True,False,False,False,False,False,False,False,True,False,False,False,True,False,False,False,False,True,False,True,False,False,False,False,False,False,True,False,False,False,False,False,False,True,True,False,False,True,0
55.92964824120603,0.7777777777777778,0.1111111111111111,0.1111111111111111,2668,0,2,2,1,88,25,1000,1194.0,0,0,0,6,1,1,2,66780,7420,7420,51940,2013,False,True,False,False,True,False,True,False,False,False,False,True,False,False,False,True,False,False,False,False,False,False,False,True,False,False,True,False,True,False,False,False,False,False,False,False,False,True,False,False,False,True,False,True,1
69.93564246111873,0.75,0.08333333333333333,0.16666666666666666,6655,0,18,3,0,347,51,500,1480.79,9000000,0,-12100,15,1,0,2,103560,8630,17260,77670,1997,False,False,True,False,False,True,True,False,False,False,False,False,True,False,False,False,False,False,False,True,False,False,False,True,False,False,False,True,False,False,False,True,False,True,False,False,False,False,False,False,False,True,True,False,0
43.71712029825866,0.6666666666666666,0.1111111111111111,0.2222222222222222,463,0,7,1,0,36,37,1000,1115.81,0,0,-59800,20,3,1,3,48780,5420,10840,32520,2008,True,False,False,False,False,True,True,False,False,False,False,False,False,True,False,True,False,False,False,False,False,True,False,False,False,False,False,True,True,False,False,False,False,False,True,False,False,False,False,False,False,True,True,False,0
77.40361564712187,0.7272727272727273,0.18181818181818182,0.09090909090909091,3681,0,9,1,0,303,46,1000,709.14,0,0,0,3,3,1,0,54890,9980,4990,39920,2006,False,True,False,True,False,False,False,True,False,False,False,False,False,True,False,True,False,False,False,False,False,True,False,False,False,False,True,False,False,True,False,False,False,False,True,False,False,False,False,False,True,False,True,False,0
54.18019305783986,0.7272727272727273,0.18181818181818182,0.09090909090909091,4025,0,3,1,0,47,34,500,1161.31,0,64800,-24300,23,1,1,3,62920,11440,5720,45760,2012,True,False,False,False,False,True,True,False,False,False,False,False,False,False,True,False,False,True,False,False,False,False,False,True,False,True,False,False,False,False,False,False,True,False,False,False,False,True,False,False,False,True,True,False,0
44.54362707331544,0.7,0.2,0.1,6517,0,16,2,1,243,41,1000,1129.23,0,17300,-60400,1,1,1,0,50300,10060,5030,35210,1999,False,True,False,True,False,False,True,False,False,True,False,False,False,False,False,False,False,False,True,False,False,False,False,True,False,True,False,False,False,True,False,False,False,False,False,False,False,False,False,True,True,False,False,True,1
61.33448980856205,0.6666666666666666,0.1111111111111111,0.2222222222222222,4566,1,20,3,0,16,32,1000,968.46,0,50800,-66200,0,3,0,2,59400,6600,13200,39600,1995,True,False,False,True,False,False,False,True,False,False,False,False,True,False,False,False,True,False,False,False,False,True,False,False,False,False,False,True,True,False,False,False,False,False,False,False,False,False,False,True,True,False,True,False,1
56.434094733954616,0.7272727272727273,0.18181818181818182,0.09090909090909091,572,0,16,1,0,325,46,500,1348.83,0,46300,-77500,21,3,1,2,76120,13840,6920,55360,1999,True,False,False,False,False,True,True,False,False,False,True,False,False,False,False,False,False,False,False,False,True,True,False,False,False,False,True,False,False,True,False,False,False,True,False,False,False,False,False,False,True,False,False,True,0
42.958653421832366,0.7,0.1,0.2,5800,0,18,3,0,258,46,1000,1110.37,10000000,34400,-56800,14,3,0,1,47700,4770,9540,33390,1997,False,True,False,True,False,False,False,True,False,False,False,False,True,False,False,False,False,True,False,False,False,True,False,False,False,False,False,True,False,False,False,True,False,False,True,False,False,False,False,False,True,False,True,False,1
40.253018976423235,0.7,0.2,0.1,8497,0,15,2,1,97,26,1000,1252.08,0,0,0,4,2,2,2,50400,10080,5040,35280,2000,True,False,False,False,True,False,False,True,False,True,False,False,False,False,False,False,True,False,False,False,False,True,False,False,False,False,True,False,False,False,False,True,False,False,False,False,False,False,True,False,False,True,True,False,1
56.98792715367301,0.7,0.1,0.2,4368,0,1,3,0,467,58,2000,977.4,0,82200,0,2,1,2,3,55700,5570,11140,38990,2014,False,True,False,False,False,True,False,True,False,False,False,False,False,True,False,False,False,False,True,False,False,False,False,True,False,True,False,False,False,True,False,False,False,False,True,False,False,False,False,False,False,True,True,False,0
52.02454853273138,0.8,0.1,0.1,6713,0,2,2,1,156,31,2000,1134.08,0,0,0,3,1,2,0,59000,5900,5900,47200,2013,True,False,False,True,False,False,False,True,False,False,False,False,False,False,True,True,False,False,False,False,False,False,False,True,False,True,False,False,False,False,False,False,True,True,False,False,False,False,False,False,True,False,True,False,1
4.1037685222013875,0.7,0.2,0.1,256,0,6,1,0,228,44,1000,1583.91,6000000,66000,-46000,20,1,0,1,6500,1300,650,4550,2009,True,False,False,False,False,True,False,True,True,False,False,False,False,False,False,False,False,False,False,True,False,False,False,False,True,False,True,False,False,False,True,False,False,False,True,False,False,False,False,False,True,False,True,False,0
37.11044574705858,0.8,0.1,0.1,2172,0,9,3,0,160,33,1000,1422.78,0,61600,0,17,3,2,3,52800,5280,5280,42240,2006,True,False,False,False,False,True,True,False,False,False,True,False,False,False,False,True,False,False,False,False,False,True,False,False,False,True,False,False,True,False,False,False,False,True,False,False,False,False,False,False,True,False,False,True,0
39.97062974949743,0.6666666666666666,0.1111111111111111,0.2222222222222222,2523,0,3,1,0,33,32,500,1402.78,5000000,70300,-50300,2,1,0,1,56070,6230,12460,37380,2012,False,False,True,True,False,False,True,False,False,False,False,False,False,False,True,True,False,False,False,False,False,False,False,True,False,False,True,False,True,False,False,False,False,False,True,False,False,False,False,False,False,True,True,False,0
43.71531417334991,0.8,0.1,0.1,2746,0,9,1,0,287,45,1000,1230.69,0,0,-54600,19,1,0,2,53800,5380,5380,43040,2006,False,False,True,False,False,True,False,True,False,False,False,False,False,True,False,False,True,False,False,False,False,False,False,True,False,True,False,False,False,True,False,False,False,False,False,False,False,False,True,False,True,False,True,False,0
55.64834570714141,0.7272727272727273,0.09090909090909091,0.18181818181818182,4246,0,5,1,0,84,30,2000,1035.79,0,44400,-51500,9,1,1,0,57640,5240,10480,41920,2010,True,False,False,False,False,True,True,False,False,False,False,False,True,False,False,False,False,False,False,False,True,False,False,True,False,False,False,True,False,False,False,False,True,False,False,False,False,True,False,False,True,False,False,True,0
45.73226236336758,0.7,0.1,0.2,8102,0,3,3,0,446,57,2000,1373.21,0,42700,-64900,10,3,0,0,62800,6280,12560,43960,2012,False,True,False,True,False,False,False,True,False,True,False,False,False,False,False,False,False,False,False,True,False,True,False,False,False,True,False,False,False,False,False,False,True,False,False,False,False,True,False,False,True,False,True,False,0
32.734328861891505,0.6666666666666666,0.16666666666666666,0.16666666666666666,7067,0,3,1,0,259,39,1000,1422.36,0,0,-83900,12,3,1,3,46560,7760,7760,31040,2012,False,False,True,False,True,False,True,False,False,False,False,True,False,False,False,False,False,False,False,True,False,True,False,False,False,False,False,True,False,True,False,False,False,False,False,False,True,False,False,False,True,False,True,False,0
92.0067142422428,0.6153846153846154,0.15384615384615385,0.23076923076923078,7368,0,14,3,0,107,31,2000,1018.73,5000000,20000,-82700,21,3,1,2,93730,14420,21630,57680,2001,True,False,False,True,False,False,False,True,True,False,False,False,False,False,False,False,False,False,True,False,False,True,False,False,False,False,False,True,False,False,False,False,True,False,True,False,False,False,False,False,False,True,True,False,0
3.482016615198475,0.7272727272727273,0.18181818181818182,0.09090909090909091,5446,0,4,0,0,185,35,2000,1421.59,0,0,0,8,1,2,3,4950,900,450,3600,2011,False,True,False,False,False,True,False,True,False,True,False,False,False,False,False,False,False,False,True,False,False,False,False,False,True,False,True,False,False,False,False,False,True,False,False,False,False,False,False,True,True,False,False,True,0
55.78928760827293,0.6666666666666666,0.16666666666666666,0.16666666666666666,8137,0,16,2,1,473,58,2000,1131.4,0,55700,0,12,4,0,0,63120,10520,10520,42080,1999,False,True,False,True,False,False,True,False,False,False,False,False,True,False,False,False,False,True,False,False,False,True,False,False,False,False,False,True,False,False,False,True,False,False,False,False,False,False,False,True,False,True,True,False,1
31.019906339360954,0.7777777777777778,0.1111111111111111,0.1111111111111111,8016,0,14,3,0,73,29,1000,1447.78,0,35100,-59900,15,3,1,0,44910,4990,4990,34930,2001,True,False,False,False,True,False,False,True,False,True,False,False,False,False,False,False,False,False,False,False,True,True,False,False,False,False,True,False,False,False,False,True,False,False,False,False,False,True,False,False,False,True,True,False,0
32.4286321093258,0.7777777777777778,0.1111111111111111,0.1111111111111111,1538,0,7,1,0,176,39,500,1365.46,4000000,0,-56600,14,3,2,1,44280,4920,4920,34440,2008,False,False,True,False,True,False,False,True,False,True,False,False,False,False,False,False,False,False,False,True,False,True,False,False,False,False,False,True,False,True,False,False,False,False,False,False,False,True,False,False,True,False,True,False,0
40.1184324094003,0.7777777777777778,0.1111111111111111,0.1111111111111111,7210,0,6,2,1,175,34,500,915.29,0,82400,-57100,14,1,2,1,36720,4080,4080,28560,2009,False,False,True,True,False,False,True,False,False,False,False,True,False,False,False,False,False,False,False,False,True,False,False,True,False,True,False,False,False,False,False,True,False,False,True,False,False,False,False,False,True,False,False,True,1
33.53407727909269,0.8,0.1,0.1,6217,0,19,3,0,92,32,500,1592.41,0,58900,-29100,22,1,2,3,53400,5340,5340,42720,1996,True,False,False,False,False,True,False,True,False,False,False,False,False,True,False,True,False,False,False,False,False,False,False,True,False,False,True,False,True,False,False,False,False,False,False,False,False,False,False,True,True,False,False,True,0
32.225412629882875,0.7,0.1,0.2,3095,0,8,2,1,282,43,500,1452.27,0,75800,0,19,1,1,2,46800,4680,9360,32760,2007,False,False,True,False,True,False,False,True,False,False,False,False,True,False,False,False,True,False,False,False,False,False,False,True,False,False,False,True,True,False,False,False,False,False,False,False,False,True,False,False,True,False,True,False,1
61.57790761212223,0.7,0.2,0.1,7823,0,20,2,1,144,35,500,1427.46,0,0,0,3,3,0,0,87900,17580,8790,61530,1995,True,False,False,True,False,False,False,True,False,False,True,False,False,False,False,False,False,False,False,False,True,True,False,False,False,False,False,True,False,False,False,False,True,False,False,False,False,False,False,True,True,False,True,False,0
81.56520449561984,0.7,0.2,0.1,660,0,0,1,0,232,42,500,944.03,0,0,-58400,11,1,2,3,77000,15400,7700,53900,2015,False,True,False,True,False,False,False,True,False,True,False,False,False,False,False,False,True,False,False,False,False,False,False,True,False,False,True,False,False,False,False,True,False,False,False,False,False,False,False,True,False,True,True,False,1
54.47749924494111,0.5833333333333334,0.25,0.16666666666666666,5414,0,8,2,1,168,32,1000,1059.52,0,0,-40600,13,2,1,1,57720,14430,9620,33670,2007,False,True,False,True,False,False,False,True,False,False,False,False,True,False,False,False,False,False,True,False,False,True,False,False,False,False,False,True,False,False,False,True,False,False,False,False,False,False,True,False,True,False,True,False,0
4.532127232535124,0.8,0.1,0.1,8877,0,5,1,0,131,33,2000,1081.17,0,0,-65200,3,1,0,1,4900,490,490,3920,2010,True,False,False,True,False,False,False,True,False,False,False,False,True,False,False,False,False,False,False,False,True,False,True,False,False,False,True,False,False,False,False,False,True,False,True,False,False,False,False,False,True,False,True,False,0
54.05228115057889,0.8,0.1,0.1,4402,0,9,1,0,212,40,1000,1524.45,0,73200,0,17,3,0,2,82400,8240,8240,65920,2006,True,False,False,False,False,True,True,False,False,False,False,False,False,True,False,True,False,False,False,False,False,True,False,False,False,False,False,True,False,False,False,True,False,False,True,False,False,False,False,False,False,True,False,True,0
48.73941415548035,0.8,0.1,0.1,4819,0,3,3,0,124,28,1000,1235.14,0,0,-32100,20,3,0,1,60200,6020,6020,48160,2012,False,False,True,False,True,False,False,True,False,False,False,False,True,False,False,True,False,False,False,False,False,True,False,False,False,False,False,True,False,False,False,True,False,False,False,True,False,False,False,False,True,False,True,False,0
71.21350584387476,0.7272727272727273,0.09090909090909091,0.18181818181818182,1158,0,10,1,0,137,30,500,1039.55,0,55600,-59700,4,3,2,1,74030,6730,13460,53840,2005,True,False,False,False,True,False,False,True,False,False,False,False,True,False,False,False,False,False,False,True,False,True,False,False,False,True,False,False,False,False,False,True,False,False,False,False,False,False,False,True,True,False,True,False,0
70.9100118183353,0.6666666666666666,0.08333333333333333,0.25,8864,0,15,2,1,464,61,1000,1125.37,0,0,-56400,6,3,0,2,79800,6650,19950,53200,2000,False,False,True,False,False,True,True,False,True,False,False,False,False,False,False,True,False,False,False,False,False,True,False,False,False,False,True,False,False,False,False,False,True,False,False,False,False,False,True,False,True,False,False,True,1
40.35117215769121,0.7,0.2,0.1,1980,0,17,2,1,156,38,500,1367.99,0,26500,0,23,3,0,3,55200,11040,5520,38640,1998,True,False,False,True,False,False,False,True,False,False,True,False,False,False,False,False,False,False,True,False,False,True,False,False,False,True,False,False,False,True,False,False,False,False,False,False,False,False,False,True,True,False,True,False,1
48.96162838674185,0.8,0.1,0.1,8011,0,5,1,0,156,37,500,1090.65,0,0,-51800,16,4,1,2,53400,5340,5340,42720,2010,False,True,False,False,True,False,False,True,False,False,True,False,False,False,False,False,False,False,False,True,False,True,False,False,False,False,True,False,False,False,False,False,True,True,False,False,False,False,False,False,True,False,False,True,1
54.52180510893522,0.5555555555555556,0.2222222222222222,0.2222222222222222,1797,0,9,3,0,97,28,1000,830.31,0,0,-32600,22,1,1,0,45270,10060,10060,25150,2006,False,False,True,True,False,False,False,True,False,False,False,True,False,False,False,True,False,False,False,False,False,False,False,True,False,False,True,False,True,False,False,False,False,False,False,False,False,True,False,False,True,False,True,False,0
69.54089317501614,0.7,0.1,0.2,1163,0,7,3,0,182,40,1000,1022.42,0,50000,-56900,13,1,0,2,71100,7110,14220,49770,2008,False,True,False,True,False,False,False,True,False,False,False,False,False,False,True,True,False,False,False,False,False,False,False,True,False,True,False,False,False,False,False,True,False,False,False,False,False,True,False,False,False,True,True,False,0
6.076810889645114,0.7,0.1,0.2,1444,0,13,1,0,78,29,1000,1234.2,6000000,0,0,3,1,2,2,7500,750,1500,5250,2002,True,False,False,False,True,False,False,True,False,False,False,False,False,True,False,False,False,True,False,False,False,False,False,False,True,False,True,False,False,False,False,False,True,False,True,False,False,False,False,False,False,True,True,False,0
74.03779745086959,0.7272727272727273,0.09090909090909091,0.18181818181818182,4821,0,11,3,0,85,30,1000,796.35,0,72400,-77000,9,3,2,1,58960,5360,10720,42880,2004,False,False,True,True,False,False,True,False,False,False,False,False,True,False,False,False,False,False,True,False,False,True,False,False,False,False,True,False,False,True,False,False,False,False,False,False,False,True,False,False,False,True,False,True,0
46.442831633239585,0.75,0.08333333333333333,0.16666666666666666,6395,0,14,3,0,479,60,2000,1304.83,0,0,0,18,1,0,0,60600,5050,10100,45450,2001,True,False,False,True,False,False,True,False,False,True,False,False,False,False,False,True,False,False,False,False,False,False,False,True,False,False,True,False,True,False,False,False,False,False,True,False,False,False,False,False,True,False,True,False,0
43.39151469312973,0.7272727272727273,0.09090909090909091,0.18181818181818182,3773,0,7,3,0,240,40,500,1533.71,9000000,0,-70900,18,2,0,2,66550,6050,12100,48400,2008,False,True,False,True,False,False,True,False,False,False,False,True,False,False,False,False,False,False,True,False,False,True,False,False,False,False,True,False,False,True,False,False,False,False,False,False,False,False,True,False,False,True,True,False,0
40.96280613240837,0.6363636363636364,0.18181818181818182,0.18181818181818182,7289,0,11,3,0,229,37,1000,1331.94,0,0,-55400,17,1,0,2,54560,9920,9920,34720,2004,False,True,False,False,False,True,True,False,False,False,False,False,False,True,False,False,True,False,False,False,False,False,False,True,False,False,True,False,False,False,False,True,False,False,True,False,False,False,False,False,True,False,False,True,0
60.35476881266297,0.8181818181818182,0.09090909090909091,0.09090909090909091,1892,0,16,1,0,245,40,1000,1361.45,0,39300,0,12,1,0,2,82170,7470,7470,67230,1999,True,False,False,False,False,True,False,True,False,False,False,False,False,False,True,False,False,False,False,True,False,False,False,True,False,False,True,False,True,False,False,False,False,False,False,True,False,False,False,False,False,True,False,True,0
77.49204059735096,0.6363636363636364,0.18181818181818182,0.18181818181818182,182,1,12,3,0,5,26,2000,1137.02,0,31500,0,22,1,1,3,88110,16020,16020,56070,2003,True,False,False,False,True,False,True,False,False,False,False,False,False,False,True,False,True,False,False,False,False,False,False,True,False,False,True,False,True,False,False,False,False,False,False,False,False,False,False,True,False,True,True,False,0
47.208110566364226,0.6666666666666666,0.16666666666666666,0.16666666666666666,5017,0,9,2,1,274,43,2000,1352.31,0,40700,-47300,22,1,0,3,63840,10640,10640,42560,2006,False,False,True,True,False,False,False,True,False,True,False,False,False,False,False,False,False,False,False,False,True,False,False,True,False,True,False,False,False,True,False,False,False,False,True,False,False,False,False,False,False,True,False,True,1
54.80482411026538,0.7272727272727273,0.18181818181818182,0.09090909090909091,1553,0,16,2,1,422,60,1000,1555.52,0,43600,-67800,11,1,1,1,85250,15500,7750,62000,1999,False,True,False,True,False,False,True,False,False,False,False,False,True,False,False,False,False,False,True,False,False,False,False,True,False,True,False,False,True,False,False,False,False,True,False,False,False,False,False,False,False,True,True,False,0
36.28473052460427,0.7,0.2,0.1,5883,0,18,1,0,295,46,500,1672.88,0,0,0,5,1,1,1,60700,12140,6070,42490,1997,False,True,False,True,False,False,True,False,False,False,True,False,False,False,False,False,False,False,False,False,True,False,False,True,False,False,True,False,False,True,False,False,False,False,True,False,False,False,False,False,False,True,True,False,0
52.60123780414849,0.6666666666666666,0.16666666666666666,0.16666666666666666,7832,0,18,1,0,155,35,1000,919.37,0,83600,0,0,1,0,3,48360,8060,8060,32240,1997,False,False,True,False,True,False,True,False,True,False,False,False,False,False,False,False,True,False,False,False,False,False,False,True,False,True,False,False,True,False,False,False,False,False,True,False,False,False,False,False,True,False,True,False,0
78.44541502335106,0.6363636363636364,0.18181818181818182,0.18181818181818182,7670,0,15,3,0,153,34,500,991.39,0,45600,-61400,0,3,1,0,77770,14140,14140,49490,2000,True,False,False,False,True,False,False,True,False,False,True,False,False,False,False,False,False,True,False,False,False,True,False,False,False,False,False,True,False,False,False,True,False,False,False,False,False,False,False,True,True,False,True,False,0
67.98110494968167,0.8,0.1,0.1,7468,0,2,2,1,72,29,500,973.8,0,0,-85900,9,1,1,0,66200,6620,6620,52960,2013,False,False,True,False,False,True,True,False,True,False,False,False,False,False,False,False,False,False,True,False,False,False,False,True,False,False,True,False,True,False,False,False,False,False,False,False,False,False,False,True,True,False,True,False,0
82.71503709777414,0.7272727272727273,0.09090909090909091,0.18181818181818182,4962,0,1,3,0,134,32,1000,1000.06,0,0,0,17,1,1,0,82720,7520,15040,60160,2014,False,False,True,True,False,False,True,False,False,False,False,False,False,False,True,False,False,False,False,False,True,False,False,True,False,False,False,True,False,False,False,True,False,False,True,False,False,False,False,False,True,False,True,False,0
45.017003861894054,0.6363636363636364,0.18181818181818182,0.18181818181818182,8946,0,3,1,0,366,50,1000,1561.41,0,21200,0,5,3,1,3,70290,12780,12780,44730,2012,False,True,False,False,False,True,True,False,False,False,True,False,False,False,False,True,False,False,False,False,False,True,False,False,False,False,True,False,False,False,False,False,True,False,True,False,False,False,False,False,False,True,True,False,0
35.92322909213351,0.6666666666666666,0.2222222222222222,0.1111111111111111,5095,0,5,3,0,120,35,1000,1425.54,0,78300,0,22,3,2,0,51210,11380,5690,34140,2010,False,False,True,True,False,False,True,False,False,False,True,False,False,False,False,False,False,True,False,False,False,True,False,False,False,True,False,False,True,False,False,False,False,False,False,False,False,True,False,False,True,False,True,False,0
39.72465317652028,0.6923076923076923,0.15384615384615385,0.15384615384615385,7877,0,16,1,0,281,43,1000,1515.18,6000000,0,0,21,3,1,0,60190,9260,9260,41670,1999,False,False,True,True,False,False,False,True,False,True,False,False,False,False,False,False,False,True,False,False,False,True,False,False,False,False,False,True,False,True,False,False,False,False,False,False,False,True,False,False,True,False,True,False,0
3.8755517278501452,0.7777777777777778,0.1111111111111111,0.1111111111111111,1456,0,13,0,0,164,31,500,1114.68,0,44500,-55900,5,1,1,0,4320,480,480,3360,2002,False,True,False,False,False,True,True,False,True,False,False,False,False,False,False,True,False,False,False,False,False,False,False,False,True,False,True,False,False,False,False,False,True,False,False,False,False,True,False,False,False,True,True,False,0
64.94575055127095,0.8,0.0,0.2,2130,0,17,2,1,237,43,500,911.53,0,53200,0,23,1,0,1,59200,0,11840,47360,1998,False,False,True,False,True,False,True,False,False,False,False,False,False,False,True,True,False,False,False,False,False,False,False,True,False,False,True,False,False,False,False,False,True,False,False,False,False,False,False,True,True,False,True,False,0
79.30878046768673,0.75,0.16666666666666666,0.08333333333333333,8034,0,13,1,0,103,33,1000,969.88,6000000,0,0,21,1,1,0,76920,12820,6410,57690,2002,False,True,False,True,False,False,False,True,False,False,False,False,True,False,False,False,False,False,True,False,False,False,False,True,False,False,True,False,True,False,False,False,False,False,True,False,False,False,False,False,True,False,False,True,0
42.726541485396,0.7,0.2,0.1,3710,0,5,2,1,322,44,1000,1156.19,0,49900,-62700,20,3,0,3,49400,9880,4940,34580,2010,True,False,False,True,False,False,True,False,False,True,False,False,False,False,False,True,False,False,False,False,False,True,False,False,False,False,False,True,False,True,False,False,False,False,True,False,False,False,False,False,False,True,True,False,0
53.84463433439748,0.6923076923076923,0.15384615384615385,0.15384615384615385,7658,0,4,2,1,371,50,1000,1569.33,0,79600,0,2,3,2,1,84500,13000,13000,58500,2011,False,True,False,False,True,False,False,True,False,False,False,False,False,False,True,False,True,False,False,False,False,True,False,False,False,False,False,True,False,False,False,True,False,False,False,False,False,False,False,True,True,False,False,True,1
61.794716412532544,0.6363636363636364,0.18181818181818182,0.18181818181818182,4574,0,13,3,0,230,43,2000,1221.14,0,48100,0,13,1,0,2,75460,13720,13720,48020,2002,False,True,False,True,False,False,False,True,False,False,False,False,True,False,False,False,False,False,False,False,True,False,False,True,False,False,False,True,True,False,False,False,False,False,False,False,False,False,True,False,True,False,True,False,0
49.63330617082747,0.75,0.125,0.125,826,0,8,3,0,119,28,2000,1079.92,0,88800,0,1,1,0,1,53600,6700,6700,40200,2007,False,False,True,False,True,False,False,True,False,False,True,False,False,False,False,True,False,False,False,False,False,False,False,True,False,False,True,False,True,False,False,False,False,False,False,False,True,False,False,False,True,False,False,True,1
43.1347742994805,0.7,0.2,0.1,2546,0,1,2,1,338,47,2000,1486.04,0,0,-56200,1,3,2,3,64100,12820,6410,44870,2014,False,False,True,False,True,False,True,False,True,False,False,False,False,False,False,False,False,False,True,False,False,True,False,False,False,False,True,False,False,False,False,True,False,False,False,True,False,False,False,False,True,False,True,False,1
51.36200601027563,0.8181818181818182,0.09090909090909091,0.09090909090909091,994,0,18,2,1,405,58,500,1237.88,0,0,-46900,11,1,0,0,63580,5780,5780,52020,1997,True,False,False,False,True,False,False,True,False,False,False,False,True,False,False,False,True,False,False,False,False,False,False,True,False,True,False,False,False,False,False,False,True,False,True,False,False,False,False,False,True,False,True,False,1
2.362050136814852,0.8181818181818182,0.09090909090909091,0.09090909090909091,8474,0,1,0,0,122,29,1000,1629.94,0,0,-47100,17,1,0,1,3850,350,350,3150,2014,False,False,True,False,True,False,True,False,False,False,False,False,False,True,False,False,False,True,False,False,False,False,True,False,False,False,True,False,False,False,True,False,False,False,False,False,False,True,False,False,True,False,True,False,0
46.46596318694465,0.75,0.125,0.125,4649,0,15,3,0,312,47,1000,1212.07,0,66900,-51800,17,3,2,3,56320,7040,7040,42240,2000,False,False,True,False,False,True,True,False,False,False,False,False,True,False,False,False,False,False,False,False,True,True,False,False,False,False,False,True,False,True,False,False,False,False,True,False,False,False,False,False,True,False,True,False,0
47.63852902404655,0.75,0.125,0.125,5513,0,10,2,1,65,23,1000,1099.95,0,0,-71900,14,1,1,0,52400,6550,6550,39300,2005,False,False,True,False,True,False,True,False,False,True,False,False,False,False,False,False,False,False,False,False,True,False,False,True,False,False,False,True,False,False,False,True,False,False,True,False,False,False,False,False,True,False,False,True,1
35.73191856135095,0.8571428571428571,0.0,0.14285714285714285,805,0,4,2,1,283,41,500,1195.01,0,60700,-54300,13,3,0,2,42700,0,6100,36600,2011,False,False,True,True,False,False,True,False,True,False,False,False,False,False,False,False,False,False,True,False,False,True,False,False,False,False,False,True,False,False,False,True,False,False,False,False,False,False,False,True,True,False,True,False,1
38.904492494591,0.8,0.1,0.1,5038,0,7,3,0,30,36,500,1488.26,0,0,-63500,17,3,2,2,57900,5790,5790,46320,2008,False,True,False,False,False,True,True,False,False,True,False,False,False,False,False,False,False,False,False,False,True,True,False,False,False,False,False,True,False,False,False,False,True,False,False,False,False,False,False,True,True,False,True,False,0
36.1019423638441,0.7,0.2,0.1,106,0,6,3,0,32,26,2000,1260.32,6000000,0,-79800,16,1,1,2,45500,9100,4550,31850,2009,False,False,True,True,False,False,False,True,False,False,False,True,False,False,False,False,True,False,False,False,False,False,False,True,False,False,False,True,False,True,False,False,False,False,False,False,False,False,True,False,True,False,True,False,0
92.74948603454372,0.7777777777777778,0.1111111111111111,0.1111111111111111,6047,0,10,3,0,266,42,1000,763.67,0,12800,-49700,12,1,1,3,70830,7870,7870,55090,2005,True,False,False,False,False,True,False,True,True,False,False,False,False,False,False,False,False,False,True,False,False,False,False,True,False,False,False,True,False,False,False,False,True,False,False,False,False,True,False,False,False,True,False,True,0
36.97468887152047,0.7272727272727273,0.18181818181818182,0.09090909090909091,6305,1,6,3,0,15,34,1000,1829.63,0,56700,0,21,3,1,0,67650,12300,6150,49200,2009,True,False,False,True,False,False,False,True,False,False,False,True,False,False,False,False,True,False,False,False,False,True,False,False,False,False,False,True,False,False,False,True,False,False,False,False,False,True,False,False,False,True,True,False,0
46.65413698151143,0.7777777777777778,0.1111111111111111,0.1111111111111111,7383,1,4,1,0,12,24,1000,1143.95,0,51400,0,13,3,2,1,53370,5930,5930,41510,2011,True,False,False,False,False,True,True,False,False,False,False,False,False,False,True,False,False,True,False,False,False,True,False,False,False,False,True,False,False,False,False,False,True,False,True,False,False,False,False,False,True,False,True,False,0
92.66325869393044,0.7272727272727273,0.09090909090909091,0.18181818181818182,9124,0,4,2,1,108,33,2000,694.45,0,0,0,6,3,0,1,64350,5850,11700,46800,2011,True,False,False,True,False,False,True,False,False,False,False,True,False,False,False,False,True,False,False,False,False,True,False,False,False,False,False,True,False,False,False,False,True,False,False,False,False,False,False,True,True,False,False,True,1
64.68736965836271,0.875,0.125,0.0,6549,0,2,2,1,147,31,500,1054.92,6000000,51900,0,4,1,0,0,68240,8530,0,59710,2013,False,True,False,False,True,False,True,False,False,False,False,False,False,False,True,False,False,False,True,False,False,False,False,True,False,True,False,False,False,False,False,True,False,False,True,False,False,False,False,False,True,False,True,False,1
22.076615643946603,0.75,0.125,0.125,4660,0,18,1,0,148,30,500,1471.24,0,57500,-93600,4,3,2,2,32480,4060,4060,24360,1997,False,False,True,True,False,False,True,False,False,False,False,False,False,True,False,False,False,False,True,False,False,True,False,False,False,False,False,True,False,False,False,False,True,True,False,False,False,False,False,False,True,False,True,False,0
34.860034364058265,0.7777777777777778,0.1111111111111111,0.1111111111111111,6742,0,0,3,0,377,53,500,1693.63,0,0,-64000,10,3,1,3,59040,6560,6560,45920,2015,True,False,False,True,False,False,True,False,False,False,False,False,True,False,False,False,False,False,False,True,False,True,False,False,False,True,False,False,False,True,False,False,False,False,False,False,False,False,False,True,False,True,True,False,0
52.17712889117572,0.6,0.2,0.2,572,0,4,1,0,250,43,1000,1243.84,0,47900,-73400,22,1,1,3,64900,12980,12980,38940,2011,False,False,True,False,False,True,True,False,False,False,False,True,False,False,False,False,False,False,True,False,False,False,False,True,False,False,False,True,False,False,False,True,False,False,False,False,False,False,True,False,False,True,True,False,0
40.819688850882216,0.6363636363636364,0.18181818181818182,0.18181818181818182,2731,0,20,3,0,173,36,1000,1274.63,0,51000,0,22,1,2,3,52030,9460,9460,33110,1995,False,False,True,False,True,False,False,True,False,True,False,False,False,False,False,False,False,False,False,True,False,False,False,True,False,False,True,False,False,True,False,False,False,False,False,False,False,True,False,False,False,True,True,False,0
39.698306340280816,0.8888888888888888,0.0,0.1111111111111111,4573,0,4,1,0,460,62,1000,1187.96,4000000,0,0,20,3,1,0,47160,0,5240,41920,2011,False,True,False,False,True,False,False,True,False,False,False,True,False,False,False,False,False,False,True,False,False,True,False,False,False,False,True,False,False,False,False,False,True,False,True,False,False,False,False,False,True,False,True,False,0
52.12981182274201,0.8888888888888888,0.0,0.1111111111111111,2291,0,1,2,1,439,56,500,1082.49,0,36100,-55000,12,3,2,3,56430,0,6270,50160,2014,False,True,False,False,True,False,True,False,False,False,False,False,False,False,True,False,False,False,False,True,False,True,False,False,False,True,False,False,False,True,False,False,False,False,False,False,False,True,False,False,True,False,True,False,0
70.86017430845018,0.7272727272727273,0.18181818181818182,0.09090909090909091,3691,0,6,2,1,250,42,500,1055.6,0,69500,-40700,16,1,1,1,74800,13600,6800,54400,2009,False,True,False,True,False,False,False,True,False,False,True,False,False,False,False,True,False,False,False,False,False,False,False,True,False,False,True,False,False,False,False,True,False,False,False,False,False,True,False,False,True,False,True,False,1
78.58899821109124,0.7777777777777778,0.1111111111111111,0.1111111111111111,5976,0,16,3,0,159,37,1000,894.4,0,0,-53700,13,1,2,0,70290,7810,7810,54670,1999,True,False,False,False,False,True,False,True,True,False,False,False,False,False,False,False,False,False,False,False,True,False,False,True,False,False,True,False,False,False,False,False,True,False,True,False,False,False,False,False,False,True,True,False,0
64.56992641308547,0.7272727272727273,0.18181818181818182,0.09090909090909091,7638,0,18,2,1,128,30,1000,1061.33,0,43300,-66200,8,1,0,3,68530,12460,6230,49840,1997,False,False,True,True,False,False,False,True,False,False,False,False,True,False,False,False,False,False,True,False,False,False,False,True,False,True,False,False,True,False,False,False,False,False,False,False,False,False,False,True,True,False,True,False,0
36.30942381992273,0.6363636363636364,0.18181818181818182,0.18181818181818182,8448,0,14,1,0,275,40,2000,1190.6,0,0,-45300,17,1,1,3,43230,7860,7860,27510,2001,False,False,True,False,True,False,False,True,False,False,False,False,False,True,False,False,False,False,False,True,False,False,False,True,False,False,True,False,False,True,False,False,False,False,False,True,False,False,False,False,True,False,False,True,0
6.709210213728076,0.6153846153846154,0.23076923076923078,0.15384615384615385,3193,0,2,1,0,122,34,1000,1220.71,0,58600,-28700,5,1,2,1,8190,1890,1260,5040,2013,False,True,False,False,True,False,False,True,False,False,False,False,False,False,True,False,False,False,True,False,False,False,True,False,False,False,True,False,False,False,True,False,False,False,False,False,False,True,False,False,True,False,False,True,0
3.2864288322562567,0.6666666666666666,0.1111111111111111,0.2222222222222222,8113,0,5,1,0,277,46,2000,1177.57,0,0,-65500,4,1,2,3,3870,430,860,2580,2010,True,False,False,False,True,False,True,False,True,False,False,False,False,False,False,True,False,False,False,False,False,False,False,False,True,False,True,False,False,False,False,False,True,False,False,False,False,False,True,False,True,False,True,False,0
76.07929958740063,0.75,0.08333333333333333,0.16666666666666666,4745,0,4,2,1,138,30,500,1093.07,4000000,27700,-72400,0,1,2,2,83160,6930,13860,62370,2011,False,False,True,False,False,True,True,False,False,False,False,False,False,False,True,False,False,False,False,False,True,False,False,True,False,True,False,False,False,False,False,True,False,False,False,False,False,False,True,False,True,False,True,False,0
77.31236628620454,0.8888888888888888,0.0,0.1111111111111111,8464,0,18,2,1,231,37,500,920.81,0,0,0,14,1,2,0,71190,0,7910,63280,1997,False,False,True,False,True,False,True,False,False,False,True,False,False,False,False,False,False,False,False,False,True,False,False,True,False,False,True,False,False,True,False,False,False,False,False,False,False,True,False,False,False,True,True,False,1
59.18083998611593,0.7272727272727273,0.18181818181818182,0.09090909090909091,5936,0,4,1,0,86,26,500,1382.88,7000000,0,-30300,11,1,1,1,81840,14880,7440,59520,2011,False,False,True,True,False,False,False,True,False,False,False,True,False,False,False,False,False,True,False,False,False,False,False,True,False,False,True,False,False,False,False,False,True,False,False,False,False,True,False,False,True,False,False,True,1
35.00165997032379,0.7777777777777778,0.1111111111111111,0.1111111111111111,3183,0,5,1,0,37,23,500,1475.93,0,0,-67400,17,3,1,0,51660,5740,5740,40180,2010,True,False,False,False,False,True,True,False,False,True,False,False,False,False,False,True,False,False,False,False,False,True,False,False,False,False,False,True,False,False,False,True,False,False,False,False,False,True,False,False,False,True,True,False,0
47.57700938736176,0.7,0.1,0.2,4995,0,2,2,1,232,43,500,1483.91,8000000,0,-33600,17,3,0,1,70600,7060,14120,49420,2013,False,False,True,False,True,False,False,True,False,True,False,False,False,False,False,True,False,False,False,False,False,True,False,False,False,False,True,False,True,False,False,False,False,False,True,False,False,False,False,False,True,False,True,False,1
88.92601482452709,0.7,0.2,0.1,8703,0,6,1,0,272,41,2000,945.73,5000000,38600,-42800,23,1,0,0,84100,16820,8410,58870,2009,False,False,True,False,True,False,False,True,False,False,False,False,True,False,False,False,False,False,False,False,True,False,False,True,False,True,False,False,False,True,False,False,False,False,True,False,False,False,False,False,True,False,True,False,1
74.34184996834344,0.6,0.2,0.2,5343,0,17,2,1,140,36,2000,979.26,0,0,-67000,2,4,0,2,72800,14560,14560,43680,1998,False,False,True,False,False,True,True,False,False,False,False,True,False,False,False,False,False,False,True,False,False,True,False,False,False,True,False,False,False,True,False,False,False,False,True,False,False,False,False,False,False,True,False,True,0
82.01613794628054,0.6,0.2,0.2,5559,0,13,2,1,230,39,1000,904.7,7000000,68600,-22300,0,1,1,3,74200,14840,14840,44520,2002,True,False,False,True,False,False,True,False,False,False,False,False,True,False,False,False,False,False,False,True,False,False,False,True,False,True,False,False,False,True,False,False,False,False,False,False,False,True,False,False,True,False,True,False,1
59.367771781033156,0.6,0.2,0.2,775,0,15,1,0,255,41,2000,1167.3,4000000,0,0,22,1,2,0,69300,13860,13860,41580,2000,True,False,False,False,False,True,False,True,False,False,True,False,False,False,False,False,False,True,False,False,False,False,False,True,False,False,False,True,False,True,False,False,False,False,False,False,False,True,False,False,True,False,True,False,0
60.71165957990984,0.8333333333333334,0.08333333333333333,0.08333333333333333,4798,0,5,3,0,379,54,500,1251.16,0,41400,0,14,1,0,1,75960,6330,6330,63300,2010,True,False,False,True,False,False,True,False,True,False,False,False,False,False,False,False,True,False,False,False,False,False,False,True,False,True,False,False,True,False,False,False,False,False,False,False,False,False,False,True,True,False,True,False,0
45.758843987099276,0.8181818181818182,0.18181818181818182,0.0,4203,0,10,3,0,270,45,500,1187.53,0,83200,-53300,23,3,0,0,54340,9880,0,44460,2005,False,False,True,False,False,True,True,False,False,False,False,False,False,False,True,False,True,False,False,False,False,True,False,False,False,False,False,True,False,False,False,True,False,False,False,False,False,False,True,False,True,False,False,True,0
43.12694173434349,0.8,0.1,0.1,957,0,15,3,0,210,37,500,1467.76,0,38700,-33100,8,1,1,3,63300,6330,6330,50640,2000,False,False,True,False,False,True,True,False,False,False,False,False,True,False,False,False,False,False,True,False,False,False,False,True,False,True,False,False,True,False,False,False,False,False,True,False,False,False,False,False,True,False,False,True,0
70.42323470107374,0.7,0.2,0.1,1793,0,18,1,0,32,38,500,1006.77,6000000,0,0,15,3,2,1,70900,14180,7090,49630,1997,True,False,False,True,False,False,True,False,False,True,False,False,False,False,False,False,False,False,True,False,False,True,False,False,False,False,False,True,False,False,False,False,True,False,False,False,False,True,False,False,False,True,False,True,0
48.07917184672764,0.6666666666666666,0.2222222222222222,0.1111111111111111,3420,0,9,1,0,93,32,2000,1624.82,0,65300,-65600,16,1,1,1,78120,17360,8680,52080,2006,False,False,True,False,True,False,False,True,False,False,False,False,False,False,True,False,False,False,False,True,False,False,False,True,False,False,False,True,True,False,False,False,False,False,False,False,False,False,False,True,True,False,True,False,0
47.96611547644567,0.7777777777777778,0.1111111111111111,0.1111111111111111,82,0,2,1,0,29,25,2000,1352.83,0,0,-71700,4,4,1,2,64890,7210,7210,50470,2013,True,False,False,False,True,False,False,True,False,False,False,False,False,True,False,False,False,False,True,False,False,True,False,False,False,False,True,False,False,False,False,True,False,False,False,False,False,True,False,False,False,True,False,True,1
29.922495124461175,0.7272727272727273,0.09090909090909091,0.18181818181818182,7561,0,0,2,1,168,39,1000,1389.59,0,0,-42600,23,3,1,3,41580,3780,7560,30240,2015,True,False,False,False,False,True,True,False,False,False,False,False,False,True,False,False,False,False,True,False,False,True,False,False,False,False,True,False,False,True,False,False,False,False,True,False,False,False,False,False,False,True,True,False,1
19.365821048786707,0.7,0.1,0.2,2282,0,3,1,0,298,49,500,1451.01,0,47800,0,17,1,2,2,28100,2810,5620,19670,2012,False,False,True,False,True,False,True,False,False,True,False,False,False,False,False,False,False,False,True,False,False,False,False,True,False,True,False,False,True,False,False,False,False,False,True,False,False,False,False,False,True,False,True,False,0
35.76134983592155,0.75,0.125,0.125,660,0,1,1,0,290,48,500,1161.03,5000000,45300,0,20,2,1,1,41520,5190,5190,31140,2014,True,False,False,False,True,False,False,True,True,False,False,False,False,False,False,False,True,False,False,False,False,True,False,False,False,False,False,True,False,True,False,False,False,False,False,False,False,False,True,False,True,False,True,False,0
6.486515344301388,0.7777777777777778,0.1111111111111111,0.1111111111111111,2607,0,20,0,0,175,34,1000,1123.87,8000000,0,0,5,1,2,0,7290,810,810,5670,1995,False,True,False,False,False,True,True,False,False,False,False,False,False,False,True,False,False,True,False,False,False,False,False,False,True,False,True,False,False,False,False,False,True,False,True,False,False,False,False,False,True,False,False,True,0
55.30647925357891,0.8,0.1,0.1,3683,0,14,1,0,193,40,500,1155.38,0,34200,-32300,6,1,0,0,63900,6390,6390,51120,2001,True,False,False,True,False,False,True,False,False,False,False,False,False,False,True,False,True,False,False,False,False,False,False,True,False,False,False,True,False,True,False,False,False,False,True,False,False,False,False,False,True,False,False,True,0
62.21115012560199,0.7272727272727273,0.09090909090909091,0.18181818181818182,2099,0,10,3,0,182,38,2000,1441.06,0,53800,-78300,18,1,2,3,89650,8150,16300,65200,2005,False,False,True,False,False,True,True,False,False,False,False,False,False,True,False,True,False,False,False,False,False,False,False,True,False,False,False,True,False,False,False,False,True,False,True,False,False,False,False,False,True,False,False,True,0
8.103402796096017,0.75,0.16666666666666666,0.08333333333333333,2039,0,7,0,0,259,43,500,947.75,0,0,-39300,15,1,1,3,7680,1280,640,5760,2008,True,False,False,True,False,False,True,False,False,False,False,False,False,True,False,False,True,False,False,False,False,False,False,False,True,False,True,False,False,False,False,False,True,False,False,False,False,True,False,False,True,False,True,False,0
40.928896207300795,0.8,0.1,0.1,8239,0,1,2,1,196,39,2000,1475.73,0,57000,-27300,8,3,2,0,60400,6040,6040,48320,2014,False,True,False,False,False,True,True,False,False,False,True,False,False,False,False,False,False,False,True,False,False,True,False,False,False,False,False,True,False,False,False,False,True,False,False,False,False,False,True,False,True,False,True,False,0
4.6634046386744625,0.6666666666666666,0.16666666666666666,0.16666666666666666,7594,0,0,0,0,32,38,2000,566.11,5000000,0,0,22,1,0,0,2640,440,440,1760,2015,True,False,False,False,True,False,False,True,True,False,False,False,False,False,False,False,False,False,False,True,False,False,True,False,False,False,True,False,False,False,False,False,True,True,False,False,False,False,False,False,False,True,True,False,0
42.572547458795604,0.7,0.2,0.1,4638,0,18,2,1,436,58,2000,1407.01,5000000,47400,-27600,10,1,0,2,59900,11980,5990,41930,1997,False,False,True,False,True,False,False,True,False,False,False,False,False,False,True,False,False,True,False,False,False,False,False,True,False,False,True,False,False,False,False,False,True,False,False,False,False,False,False,True,True,False,True,False,1
41.280844676078196,0.7272727272727273,0.09090909090909091,0.18181818181818182,180,1,4,1,0,10,19,1000,1185.78,0,0,-60700,5,1,0,2,48950,4450,8900,35600,2011,False,True,False,False,True,False,True,False,False,False,False,True,False,False,False,False,False,False,False,False,True,False,False,True,False,False,False,True,False,False,False,False,True,True,False,False,False,False,False,False,True,False,True,False,1
32.45323578870725,0.75,0.08333333333333333,0.16666666666666666,636,0,20,1,0,320,48,2000,1730.49,7000000,46300,-41700,13,3,2,0,56160,4680,9360,42120,1995,True,False,False,False,True,False,False,True,False,True,False,False,False,False,False,False,True,False,False,False,False,True,False,False,False,True,False,False,False,True,False,False,False,False,False,False,False,False,False,True,True,False,True,False,0
38.19134262865637,0.875,0.0,0.125,4900,0,11,3,0,96,30,500,1399.27,6000000,38900,-48700,22,1,0,0,53440,0,6680,46760,2004,False,False,True,True,False,False,False,True,False,True,False,False,False,False,False,False,False,False,False,False,True,False,False,True,False,False,False,True,False,True,False,False,False,True,False,False,False,False,False,False,True,False,False,True,0
83.31671320303151,0.6666666666666666,0.25,0.08333333333333333,8167,0,1,2,1,236,38,1000,802.24,0,0,-62500,16,1,0,1,66840,16710,5570,44560,2014,False,False,True,False,True,False,True,False,False,True,False,False,False,False,False,False,True,False,False,False,False,False,False,True,False,False,False,True,True,False,False,False,False,False,False,False,False,False,False,True,True,False,True,False,0
3.0393377138391173,0.7,0.2,0.1,4653,1,7,0,0,4,29,500,1381.88,5000000,0,-77800,4,1,0,2,4200,840,420,2940,2008,True,False,False,False,True,False,False,True,False,False,True,False,False,False,False,False,False,True,False,False,False,False,False,False,True,False,True,False,False,False,False,False,True,False,False,False,False,True,False,False,True,False,True,False,0
41.0172616054969,0.7272727272727273,0.18181818181818182,0.09090909090909091,890,0,10,3,0,130,30,2000,1193.4,0,0,-40800,16,3,2,3,48950,8900,4450,35600,2005,True,False,False,False,False,True,False,True,False,False,False,False,False,False,True,False,False,False,True,False,False,True,False,False,False,False,False,True,False,False,False,True,False,False,False,False,False,True,False,False,True,False,True,False,0
52.35642824913258,0.8,0.1,0.1,8745,0,15,2,1,121,34,500,1285.42,0,0,0,11,1,1,1,67300,6730,6730,53840,2000,False,True,False,False,False,True,False,True,False,False,False,False,True,False,False,False,False,False,False,False,True,False,False,True,False,True,False,False,False,True,False,False,False,False,False,False,False,False,True,False,True,False,True,False,1
45.915296500463356,0.6666666666666666,0.2222222222222222,0.1111111111111111,4527,0,6,2,1,288,45,1000,1046.71,0,0,0,4,3,2,1,48060,10680,5340,32040,2009,True,False,False,True,False,False,False,True,False,False,False,False,False,True,False,True,False,False,False,False,False,True,False,False,False,False,True,False,False,True,False,False,False,True,False,False,False,False,False,False,True,False,True,False,0
85.53689341004925,0.6363636363636364,0.18181818181818182,0.18181818181818182,6610,0,16,3,0,89,32,1000,988.93,0,27600,0,11,1,2,3,84590,15380,15380,53830,1999,False,True,False,False,True,False,True,False,False,False,True,False,False,False,False,False,False,False,False,True,False,False,False,True,False,True,False,False,False,False,False,True,False,False,True,False,False,False,False,False,True,False,False,True,0
83.35784210747448,0.6666666666666666,0.16666666666666666,0.16666666666666666,1632,0,14,1,0,410,54,2000,714.03,0,0,-17000,0,1,0,2,59520,9920,9920,39680,2001,True,False,False,True,False,False,False,True,False,False,False,False,True,False,False,False,False,False,True,False,False,False,False,True,False,False,False,True,True,False,False,False,False,False,False,False,False,False,False,True,False,True,True,False,0
2.219153762698491,0.7777777777777778,0.1111111111111111,0.1111111111111111,8499,0,2,0,0,285,47,1000,1216.68,0,55100,0,8,1,1,1,2700,300,300,2100,2013,False,True,False,True,False,False,True,False,False,False,False,False,False,True,False,False,False,True,False,False,False,False,False,False,True,False,True,False,False,False,False,False,True,False,False,False,False,True,False,False,True,False,True,False,0
50.14001594342129,0.6363636363636364,0.18181818181818182,0.18181818181818182,4421,0,20,3,0,330,50,1000,978.46,0,0,0,19,1,0,0,49060,8920,8920,31220,1995,True,False,False,False,False,True,True,False,False,False,True,False,False,False,False,True,False,False,False,False,False,False,False,True,False,False,False,True,False,True,False,False,False,False,True,False,False,False,False,False,False,True,True,False,0
41.507133610504184,0.7,0.2,0.1,8675,0,4,2,1,381,55,500,1459.99,0,35900,0,8,1,1,2,60600,12120,6060,42420,2011,False,False,True,False,False,True,True,False,False,False,False,False,True,False,False,False,False,False,False,False,True,False,False,True,False,False,True,False,False,True,False,False,False,False,False,False,False,True,False,False,False,True,False,True,0
61.44183506280721,0.7777777777777778,0.1111111111111111,0.1111111111111111,2884,0,13,1,0,121,31,1000,1061.98,6000000,0,0,16,1,0,1,65250,7250,7250,50750,2002,True,False,False,False,False,True,True,False,False,False,False,True,False,False,False,False,False,False,False,True,False,False,False,True,False,False,True,False,False,False,False,False,True,False,False,False,False,False,False,True,True,False,False,True,0
60.615166670244044,0.6666666666666666,0.16666666666666666,0.16666666666666666,1287,0,16,1,0,280,45,1000,1397.67,0,57900,0,0,3,1,2,84720,14120,14120,56480,1999,False,True,False,False,True,False,False,True,False,False,False,True,False,False,False,False,False,False,False,False,True,True,False,False,False,True,False,False,False,False,False,True,False,False,True,False,False,False,False,False,False,True,True,False,0
29.881659143550543,0.6666666666666666,0.2222222222222222,0.1111111111111111,6600,0,20,1,0,209,39,500,1264.99,0,67800,0,22,1,1,1,37800,8400,4200,25200,1995,False,True,False,True,False,False,False,True,False,False,False,False,False,False,True,True,False,False,False,False,False,False,False,True,False,False,False,True,False,True,False,False,False,False,False,False,False,False,True,False,True,False,True,False,0
87.37094928511249,0.7777777777777778,0.2222222222222222,0.0,9096,0,1,2,1,154,34,500,795.23,0,36900,0,15,3,2,1,69480,15440,0,54040,2014,False,True,False,True,False,False,False,True,False,False,False,False,False,False,True,False,False,True,False,False,False,True,False,False,False,False,True,False,False,False,False,False,True,False,True,False,False,False,False,False,False,True,True,False,1
54.17261783309529,0.7272727272727273,0.18181818181818182,0.09090909090909091,2658,0,8,2,1,126,34,2000,1078.22,0,54500,0,2,3,0,1,58410,10620,5310,42480,2007,False,True,False,True,False,False,True,False,False,False,False,False,False,True,False,False,False,False,False,False,True,True,False,False,False,False,False,True,False,True,False,False,False,False,False,False,False,True,False,False,True,False,False,True,0
50.473447724736886,0.6923076923076923,0.15384615384615385,0.15384615384615385,5558,0,20,3,0,127,29,2000,1326.44,5000000,0,0,12,2,1,1,66950,10300,10300,46350,1995,False,False,True,False,True,False,True,False,False,False,True,False,False,False,False,False,False,False,True,False,False,True,False,False,False,True,False,False,False,True,False,False,False,False,False,False,False,True,False,False,False,True,True,False,0
32.80671618319503,0.75,0.125,0.125,2270,0,6,1,0,299,44,1000,1653.32,0,0,-48800,3,1,2,0,54240,6780,6780,40680,2009,False,False,True,False,False,True,True,False,False,True,False,False,False,False,False,False,False,True,False,False,False,False,False,True,False,False,True,False,True,False,False,False,False,False,False,False,False,False,False,True,False,True,True,False,0
4.729690993521757,0.7272727272727273,0.09090909090909091,0.18181818181818182,1478,0,5,0,0,235,39,500,1046.58,4000000,0,-31700,1,1,2,1,4950,450,900,3600,2010,True,False,False,True,False,False,False,True,False,False,False,False,True,False,False,False,False,False,False,False,True,False,False,False,True,False,True,False,False,False,True,False,False,False,True,False,False,False,False,False,True,False,True,False,0
47.2968534454444,0.6666666666666666,0.16666666666666666,0.16666666666666666,5181,0,0,1,0,225,37,1000,1217.84,5000000,49600,0,19,3,2,2,57600,9600,9600,38400,2015,False,False,True,True,False,False,True,False,False,False,True,False,False,False,False,False,True,False,False,False,False,True,False,False,False,True,False,False,False,True,False,False,False,False,False,False,False,False,False,True,True,False,True,False,0
19.235078164049707,0.7777777777777778,0.1111111111111111,0.1111111111111111,46,0,4,2,1,80,28,1000,1740.57,0,0,-18600,3,1,0,1,33480,3720,3720,26040,2011,True,False,False,False,False,True,True,False,False,True,False,False,False,False,False,False,False,False,False,False,True,False,False,True,False,False,True,False,False,False,False,False,True,False,False,False,False,True,False,False,True,False,True,False,0
4.071921308124681,0.7,0.2,0.1,3495,0,15,1,0,180,35,1000,1252.48,0,0,-55800,17,1,1,3,5100,1020,510,3570,2000,True,False,False,False,False,True,False,True,False,False,False,False,True,False,False,False,False,False,False,False,True,False,False,False,True,False,True,False,False,False,True,False,False,False,False,True,False,False,False,False,True,False,True,False,0
35.93455219016911,0.7777777777777778,0.1111111111111111,0.1111111111111111,8901,0,5,2,1,146,31,1000,1457.65,5000000,0,0,0,3,1,3,52380,5820,5820,40740,2010,False,False,True,True,False,False,True,False,False,True,False,False,False,False,False,False,False,False,True,False,False,True,False,False,False,False,True,False,True,False,False,False,False,False,False,False,False,False,True,False,True,False,True,False,0
4.981455105449235,0.7692307692307693,0.07692307692307693,0.15384615384615385,3259,0,18,0,0,41,26,1000,1383.13,0,46700,0,12,1,1,1,6890,530,1060,5300,1997,True,False,False,True,False,False,True,False,False,False,False,True,False,False,False,False,False,False,True,False,False,False,False,False,True,False,True,False,False,False,False,False,True,False,False,False,False,True,False,False,False,True,True,False,0
50.2176597522795,0.75,0.16666666666666666,0.08333333333333333,8496,0,10,3,0,233,37,2000,1603.42,0,61600,-30200,17,1,0,2,80520,13420,6710,60390,2005,True,False,False,True,False,False,True,False,False,False,True,False,False,False,False,False,False,False,False,False,True,False,False,True,False,True,False,False,False,True,False,False,False,False,True,False,False,False,False,False,False,True,False,True,0
46.55117888892793,0.6666666666666666,0.16666666666666666,0.16666666666666666,5321,0,12,2,1,434,57,2000,1422.95,0,0,0,15,3,1,3,66240,11040,11040,44160,2003,False,False,True,False,False,True,False,True,False,False,False,True,False,False,False,True,False,False,False,False,False,True,False,False,False,False,True,False,False,False,False,True,False,False,False,False,False,True,False,False,True,False,True,False,0
53.193421974618715,0.7272727272727273,0.09090909090909091,0.18181818181818182,3471,0,6,1,0,356,47,2000,1155.97,0,0,0,5,1,0,3,61490,5590,11180,44720,2009,False,True,False,False,True,False,False,True,False,False,True,False,False,False,False,True,False,False,False,False,False,False,False,True,False,False,False,True,False,False,False,True,False,False,False,False,False,True,False,False,False,True,True,False,0
39.84048919953114,0.6363636363636364,0.18181818181818182,0.18181818181818182,8772,0,0,3,0,134,32,500,1612.43,0,36400,0,2,1,2,1,64240,11680,11680,40880,2015,True,False,False,False,False,True,True,False,False,False,False,False,True,False,False,False,False,False,True,False,False,False,False,True,False,False,False,True,False,True,False,False,False,False,False,False,False,False,True,False,True,False,False,True,0
5.423464394257162,0.7272727272727273,0.09090909090909091,0.18181818181818182,8739,0,18,0,0,292,45,1000,1358.91,0,0,0,4,1,0,2,7370,670,1340,5360,1997,True,False,False,False,False,True,False,True,False,False,False,False,False,True,False,False,False,False,False,True,False,False,False,False,True,False,True,False,False,False,False,False,True,False,False,False,False,False,False,True,True,False,True,False,0
61.39465008554855,0.6666666666666666,0.16666666666666666,0.16666666666666666,8295,0,20,3,0,124,32,1000,1198.15,0,0,-43200,19,3,0,2,73560,12260,12260,49040,1995,True,False,False,False,True,False,True,False,False,False,False,False,True,False,False,False,True,False,False,False,False,True,False,False,False,True,False,False,False,False,False,True,False,False,False,False,False,False,True,False,True,False,False,True,0
50.483953821613,0.7272727272727273,0.09090909090909091,0.18181818181818182,8334,0,7,2,1,156,32,500,1479.48,0,0,0,15,1,1,3,74690,6790,13580,54320,2008,True,False,False,False,True,False,False,True,False,False,False,False,False,True,False,False,False,False,False,True,False,False,False,True,False,True,False,False,False,False,False,True,False,False,True,False,False,False,False,False,False,True,False,True,1
4.454763897513431,0.7272727272727273,0.18181818181818182,0.09090909090909091,3830,0,20,0,0,267,46,2000,1111.17,0,35000,0,3,1,2,3,4950,900,450,3600,1995,False,False,True,False,True,False,False,True,False,False,False,False,True,False,False,False,False,False,False,True,False,False,True,False,False,False,True,False,False,False,True,False,False,False,False,False,False,False,False,True,False,True,False,True,0
72.57007609099622,0.8,0.1,0.1,5606,0,19,1,0,91,26,1000,1022.46,0,52700,0,15,3,0,2,74200,7420,7420,59360,1996,True,False,False,False,True,False,True,False,True,False,False,False,False,False,False,False,False,True,False,False,False,True,False,False,False,True,False,False,False,False,False,True,False,False,False,False,False,True,False,False,True,False,True,False,0
54.173327321665234,0.6,0.2,0.2,8863,0,8,1,0,269,41,500,1463.82,0,0,-72300,23,1,0,0,79300,15860,15860,47580,2007,False,True,False,True,False,False,True,False,False,True,False,False,False,False,False,False,True,False,False,False,False,False,False,True,False,False,True,False,False,False,False,False,True,False,False,False,False,True,False,False,False,True,True,False,0
27.37196096807983,0.7777777777777778,0.1111111111111111,0.1111111111111111,4225,0,7,3,0,155,35,1000,1088.34,0,81100,0,16,3,2,3,29790,3310,3310,23170,2008,True,False,False,False,False,True,True,False,True,False,False,False,False,False,False,False,False,True,False,False,False,True,False,False,False,True,False,False,False,False,False,False,True,False,True,False,False,False,False,False,False,True,True,False,0
89.73040640228909,0.7777777777777778,0.1111111111111111,0.1111111111111111,5838,0,2,1,0,303,43,1000,671.01,7000000,42900,-61500,20,1,2,0,60210,6690,6690,46830,2013,False,False,True,False,False,True,True,False,True,False,False,False,False,False,False,False,False,True,False,False,False,False,False,True,False,False,True,False,False,True,False,False,False,True,False,False,False,False,False,False,True,False,True,False,0
5.639213682142196,0.8,0.1,0.1,3014,0,18,0,0,219,40,500,1134.91,0,68700,0,6,1,1,0,6400,640,640,5120,1997,False,False,True,True,False,False,True,False,True,False,False,False,False,False,False,False,True,False,False,False,False,False,False,False,True,False,True,False,False,False,True,False,False,False,False,False,False,True,False,False,True,False,True,False,0
4.194204372140315,0.7272727272727273,0.18181818181818182,0.09090909090909091,1079,0,12,1,0,194,35,500,1416.24,0,0,0,7,1,1,0,5940,1080,540,4320,2003,True,False,False,False,False,True,True,False,False,False,False,False,True,False,False,False,True,False,False,False,False,False,True,False,False,False,True,False,False,False,True,False,False,False,False,False,False,False,False,True,False,True,True,False,0
49.201615692313716,0.7,0.1,0.2,3383,0,3,2,1,371,51,1000,1532.47,0,60300,-24700,7,1,0,3,75400,7540,15080,52780,2012,False,True,False,False,False,True,True,False,True,False,False,False,False,False,False,False,False,True,False,False,False,False,False,True,False,False,True,False,False,True,False,False,False,False,True,False,False,False,False,False,False,True,False,True,1
63.61546041826344,0.7272727272727273,0.09090909090909091,0.18181818181818182,4664,0,16,3,0,163,31,1000,1004.63,6000000,26900,0,14,3,2,0,63910,5810,11620,46480,1999,False,True,False,True,False,False,False,True,False,False,False,True,False,False,False,False,True,False,False,False,False,True,False,False,False,False,True,False,True,False,False,False,False,False,False,False,False,True,False,False,False,True,True,False,0
6.760846688954491,0.7272727272727273,0.18181818181818182,0.09090909090909091,7455,0,7,0,0,91,27,2000,1073.83,0,0,0,4,1,1,2,7260,1320,660,5280,2008,True,False,False,True,False,False,True,False,False,False,False,True,False,False,False,True,False,False,False,False,False,False,False,False,True,False,True,False,False,False,True,False,False,False,True,False,False,False,False,False,True,False,True,False,0
64.42169640692883,0.8,0.1,0.1,8915,0,9,3,0,235,42,500,1072.62,0,39900,-60200,7,4,2,1,69100,6910,6910,55280,2006,False,True,False,False,True,False,True,False,False,False,False,False,False,True,False,True,False,False,False,False,False,True,False,False,False,False,False,True,False,False,False,True,False,False,False,False,False,False,False,True,True,False,False,True,0
50.54217376880696,0.7,0.1,0.2,2623,0,7,1,0,103,27,1000,1537.33,0,0,-74800,11,3,1,1,77700,7770,15540,54390,2008,False,True,False,True,False,False,True,False,False,True,False,False,False,False,False,True,False,False,False,False,False,True,False,False,False,True,False,False,False,False,False,False,True,False,True,False,False,False,False,False,False,True,True,False,0
3.0263132037652056,0.6363636363636364,0.18181818181818182,0.18181818181818182,4813,0,6,1,0,360,51,1000,1526.61,0,0,-32900,5,1,2,2,4620,840,840,2940,2009,True,False,False,False,False,True,False,True,False,False,False,False,False,True,False,False,True,False,False,False,False,False,False,False,True,False,True,False,False,False,False,False,True,False,False,False,False,True,False,False,False,True,True,False,1
3.696186879208613,0.7,0.2,0.1,3003,0,5,1,0,238,39,2000,1488.02,0,0,-39200,9,1,1,3,5500,1100,550,3850,2010,False,True,False,False,True,False,True,False,False,False,False,True,False,False,False,False,False,True,False,False,False,False,False,False,True,False,True,False,False,False,False,False,True,False,True,False,False,False,False,False,False,True,False,True,0
30.681724958298012,0.7272727272727273,0.18181818181818182,0.09090909090909091,2776,0,11,2,1,159,33,2000,1462.76,0,69200,-36900,23,3,2,0,44880,8160,4080,32640,2004,False,True,False,True,False,False,True,False,False,True,False,False,False,False,False,True,False,False,False,False,False,True,False,False,False,False,True,False,True,False,False,False,False,False,True,False,False,False,False,False,False,True,True,False,1
47.6559253522723,0.7777777777777778,0.1111111111111111,0.1111111111111111,4657,0,1,3,0,97,27,500,1588.26,0,56700,-49300,22,3,2,1,75690,8410,8410,58870,2014,False,False,True,False,False,True,True,False,False,False,True,False,False,False,False,True,False,False,False,False,False,True,False,False,False,False,False,True,False,False,False,True,False,False,False,False,False,False,True,False,False,True,False,True,0
119.78704525288377,0.7,0.2,0.1,1279,0,6,1,0,35,29,2000,653.66,0,52100,-46900,22,3,0,0,78300,15660,7830,54810,2009,False,True,False,False,False,True,True,False,False,False,False,True,False,False,False,False,False,False,False,True,False,True,False,False,False,False,True,False,False,True,False,False,False,False,False,False,False,True,False,False,True,False,True,False,0
55.37785022979924,0.7272727272727273,0.09090909090909091,0.18181818181818182,4541,0,4,2,1,111,27,500,1459.97,5000000,0,0,2,3,1,2,80850,7350,14700,58800,2011,False,False,True,False,True,False,False,True,False,False,False,False,True,False,False,False,False,True,False,False,False,True,False,False,False,False,False,True,False,False,False,False,True,False,False,False,False,True,False,False,True,False,True,False,1
29.96685931076224,0.8,0.1,0.1,272,0,5,1,0,103,26,500,1354.83,0,66300,0,14,2,2,2,40600,4060,4060,32480,2010,True,False,False,True,False,False,False,True,False,False,False,False,True,False,False,True,False,False,False,False,False,True,False,False,False,True,False,False,False,False,False,False,True,False,True,False,False,False,False,False,True,False,True,False,0
70.95200159330811,0.8,0.0,0.2,2117,0,2,3,0,73,30,500,803.36,0,0,0,15,3,0,0,57000,0,11400,45600,2013,False,False,True,True,False,False,True,False,False,False,True,False,False,False,False,True,False,False,False,False,False,True,False,False,False,False,True,False,False,False,False,True,False,False,False,False,False,False,False,True,True,False,False,True,0
91.82753186178499,0.6666666666666666,0.16666666666666666,0.16666666666666666,6289,0,18,1,0,426,54,2000,1097.71,0,29600,-22300,13,1,2,3,100800,16800,16800,67200,1997,True,False,False,False,False,True,True,False,False,False,False,False,False,True,False,False,True,False,False,False,False,False,False,True,False,False,False,True,False,False,False,False,True,False,False,False,False,True,False,False,False,True,True,False,0
62.076248488651494,0.5833333333333334,0.16666666666666666,0.25,8139,0,20,3,0,147,37,1000,1306.78,0,0,0,22,1,1,0,81120,13520,20280,47320,1995,False,True,False,False,True,False,False,True,False,False,False,False,True,False,False,False,False,True,False,False,False,False,False,True,False,True,False,False,True,False,False,False,False,False,False,False,False,True,False,False,True,False,True,False,0
42.5938339789641,0.6,0.2,0.2,2175,0,20,3,0,458,59,1000,1685.69,0,31400,0,23,1,2,2,71800,14360,14360,43080,1995,False,True,False,True,False,False,True,False,False,False,True,False,False,False,False,False,False,False,False,False,True,False,False,True,False,True,False,False,False,False,False,False,True,False,False,False,False,False,True,False,True,False,False,True,0
