model,split,bin,bin_low,bin_high,n,mean_predicted,observed_fraud_rate
logistic_regression,development_oof,0,0.0,0.1,100,0.0767560211435701,0.09
logistic_regression,development_oof,1,0.1,0.2,311,0.14637732664272166,0.12540192926045016
logistic_regression,development_oof,2,0.2,0.30000000000000004,165,0.2452542240853128,0.17575757575757575
logistic_regression,development_oof,3,0.30000000000000004,0.4,68,0.3513598356901371,0.4852941176470588
logistic_regression,development_oof,4,0.4,0.5,66,0.44750383370515623,0.5606060606060606
logistic_regression,development_oof,5,0.5,0.6000000000000001,55,0.5503815217475256,0.6
logistic_regression,development_oof,6,0.6000000000000001,0.7000000000000001,30,0.6300283271203954,0.4666666666666667
logistic_regression,development_oof,7,0.7000000000000001,0.8,5,0.7357766981988164,0.8
logistic_regression,development_oof,8,0.8,0.9,0,,
logistic_regression,development_oof,9,0.9,1.0,0,,
logistic_regression,test,0,0.0,0.1,30,0.07793487212421663,0.1
logistic_regression,test,1,0.1,0.2,82,0.14489935604270152,0.06097560975609756
logistic_regression,test,2,0.2,0.30000000000000004,32,0.23672032753224828,0.25
logistic_regression,test,3,0.30000000000000004,0.4,17,0.36268136677915247,0.4117647058823529
logistic_regression,test,4,0.4,0.5,14,0.46375741369788764,0.7142857142857143
logistic_regression,test,5,0.5,0.6000000000000001,13,0.54821086636163,0.6923076923076923
logistic_regression,test,6,0.6000000000000001,0.7000000000000001,9,0.6564917718627644,0.5555555555555556
logistic_regression,test,7,0.7000000000000001,0.8,3,0.7294658774594377,0.6666666666666666
logistic_regression,test,8,0.8,0.9,0,,
logistic_regression,test,9,0.9,1.0,0,,
random_forest,development_oof,0,0.0,0.1,5,0.09281875136874648,0.2
random_forest,development_oof,1,0.1,0.2,176,0.164958682914275,0.10227272727272728
random_forest,development_oof,2,0.2,0.30000000000000004,281,0.2530517501927046,0.12811387900355872
random_forest,development_oof,3,0.30000000000000004,0.4,106,0.33608960493367707,0.09433962264150944
random_forest,development_oof,4,0.4,0.5,16,0.43478333367459615,0.375
random_forest,development_oof,5,0.5,0.6000000000000001,13,0.5623462551376428,0.6153846153846154
random_forest,development_oof,6,0.6000000000000001,0.7000000000000001,57,0.6721077740993404,0.6491228070175439
random_forest,development_oof,7,0.7000000000000001,0.8,121,0.7470809905520991,0.5950413223140496
random_forest,development_oof,8,0.8,0.9,25,0.8130736872449487,0.4
random_forest,development_oof,9,0.9,1.0,0,,
random_forest,test,0,0.0,0.1,0,,
random_forest,test,1,0.1,0.2,38,0.17061467698798485,0.10526315789473684
random_forest,test,2,0.2,0.30000000000000004,70,0.2519917242018481,0.11428571428571428
random_forest,test,3,0.30000000000000004,0.4,28,0.33455065450008564,0.03571428571428571
random_forest,test,4,0.4,0.5,6,0.4115915042089158,0.0
random_forest,test,5,0.5,0.6000000000000001,4,0.5487908313502399,0.75
random_forest,test,6,0.6000000000000001,0.7000000000000001,13,0.6485800576433625,0.6153846153846154
random_forest,test,7,0.7000000000000001,0.8,33,0.7489475765543534,0.6363636363636364
random_forest,test,8,0.8,0.9,8,0.8122164675237636,0.5
random_forest,test,9,0.9,1.0,0,,
xgboost,development_oof,0,0.0,0.1,160,0.06540262773633003,0.08125
xgboost,development_oof,1,0.1,0.2,190,0.14646181911230088,0.13157894736842105
xgboost,development_oof,2,0.2,0.30000000000000004,118,0.2489149506061764,0.15254237288135594
xgboost,development_oof,3,0.30000000000000004,0.4,66,0.34874007150982367,0.15151515151515152
xgboost,development_oof,4,0.4,0.5,48,0.4501368999481201,0.2708333333333333
xgboost,development_oof,5,0.5,0.6000000000000001,41,0.5472885399329953,0.4634146341463415
xgboost,development_oof,6,0.6000000000000001,0.7000000000000001,46,0.6597661816555521,0.5434782608695652
xgboost,development_oof,7,0.7000000000000001,0.8,66,0.7498504248532382,0.5757575757575758
xgboost,development_oof,8,0.8,0.9,50,0.8399386072158813,0.66
xgboost,development_oof,9,0.9,1.0,15,0.9187902728716533,0.26666666666666666
xgboost,test,0,0.0,0.1,28,0.06616388261318207,0.03571428571428571
xgboost,test,1,0.1,0.2,53,0.14591571688652039,0.11320754716981132
xgboost,test,2,0.2,0.30000000000000004,36,0.24807626008987427,0.1388888888888889
xgboost,test,3,0.30000000000000004,0.4,18,0.339315265417099,0.16666666666666666
xgboost,test,4,0.4,0.5,9,0.4468410909175873,0.2222222222222222
xgboost,test,5,0.5,0.6000000000000001,9,0.5450065732002258,0.4444444444444444
xgboost,test,6,0.6000000000000001,0.7000000000000001,14,0.654258668422699,0.7142857142857143
xgboost,test,7,0.7000000000000001,0.8,17,0.7438666224479675,0.6470588235294118
xgboost,test,8,0.8,0.9,13,0.8521014451980591,0.46153846153846156
xgboost,test,9,0.9,1.0,3,0.9159598350524902,0.3333333333333333
major_damage_rule,development_oof,0,0.0,0.1,581,0.0,0.1153184165232358
major_damage_rule,development_oof,1,0.1,0.2,0,,
major_damage_rule,development_oof,2,0.2,0.30000000000000004,0,,
major_damage_rule,development_oof,3,0.30000000000000004,0.4,0,,
major_damage_rule,development_oof,4,0.4,0.5,0,,
major_damage_rule,development_oof,5,0.5,0.6000000000000001,0,,
major_damage_rule,development_oof,6,0.6000000000000001,0.7000000000000001,0,,
major_damage_rule,development_oof,7,0.7000000000000001,0.8,0,,
major_damage_rule,development_oof,8,0.8,0.9,0,,
major_damage_rule,development_oof,9,0.9,1.0,219,1.0,0.5981735159817352
major_damage_rule,test,0,0.0,0.1,143,0.0,0.09090909090909091
major_damage_rule,test,1,0.1,0.2,0,,
major_damage_rule,test,2,0.2,0.30000000000000004,0,,
major_damage_rule,test,3,0.30000000000000004,0.4,0,,
major_damage_rule,test,4,0.4,0.5,0,,
major_damage_rule,test,5,0.5,0.6000000000000001,0,,
major_damage_rule,test,6,0.6000000000000001,0.7000000000000001,0,,
major_damage_rule,test,7,0.7000000000000001,0.8,0,,
major_damage_rule,test,8,0.8,0.9,0,,
major_damage_rule,test,9,0.9,1.0,57,1.0,0.631578947368421
