field,value,fraud_risk_score,risk_band,flagged_for_review,top_factor
incident_severity,Trivial Damage,0.12448497903527259,Low,False,"Incident severity is Trivial Damage, which strongly lowered the fraud-risk score."
incident_severity,Minor Damage,0.15093699535695296,Medium,False,"Incident severity is Minor Damage, which strongly lowered the fraud-risk score."
incident_severity,Major Damage,0.5435512655631063,High,True,"Incident severity is Major Damage, which strongly raised the fraud-risk score."
incident_severity,Total Loss,0.2174552239716878,Medium,False,"Incident state is OH, which strongly raised the fraud-risk score."
witnesses,0,0.14028118918601476,Low,False,"Incident severity is Minor Damage, which strongly lowered the fraud-risk score."
witnesses,1,0.15093699535695296,Medium,False,"Incident severity is Minor Damage, which strongly lowered the fraud-risk score."
witnesses,2,0.16224946352302666,Medium,False,"Incident severity is Minor Damage, which strongly lowered the fraud-risk score."
witnesses,3,0.1742357948380085,Medium,False,"Incident severity is Minor Damage, which strongly lowered the fraud-risk score."
police_report_available,NO,0.15093699535695296,Medium,False,"Incident severity is Minor Damage, which strongly lowered the fraud-risk score."
police_report_available,YES,0.13799804614846894,Low,False,"Incident severity is Minor Damage, which strongly lowered the fraud-risk score."
claim_amounts,x0.5,0.13830708934159056,Low,False,"Incident severity is Minor Damage, which strongly lowered the fraud-risk score."
claim_amounts,x1.0,0.1489773312324868,Medium,False,"Incident severity is Minor Damage, which strongly lowered the fraud-risk score."
claim_amounts,x1.5,0.16031761513335901,Medium,False,"Incident severity is Minor Damage, which strongly lowered the fraud-risk score."
claim_amounts,x2.0,0.17234631233896572,Medium,False,"Incident severity is Minor Damage, which strongly lowered the fraud-risk score."
policy_bind_date,0y before incident,0.15693549206297913,Medium,False,"Incident severity is Minor Damage, which strongly lowered the fraud-risk score."
policy_bind_date,1y before incident,0.15632468078623196,Medium,False,"Incident severity is Minor Damage, which strongly lowered the fraud-risk score."
policy_bind_date,5y before incident,0.15389914109409109,Medium,False,"Incident severity is Minor Damage, which strongly lowered the fraud-risk score."
policy_bind_date,10y before incident,0.1509110209146963,Medium,False,"Incident severity is Minor Damage, which strongly lowered the fraud-risk score."
policy_bind_date,20y before incident,0.14507644945869663,Low,False,"Incident severity is Minor Damage, which strongly lowered the fraud-risk score."
auto_year,2000,0.15920806622152245,Medium,False,"Incident severity is Minor Damage, which strongly lowered the fraud-risk score."
auto_year,2005,0.15093699535695296,Medium,False,"Incident severity is Minor Damage, which strongly lowered the fraud-risk score."
auto_year,2010,0.14302252487525038,Low,False,"Incident severity is Minor Damage, which strongly lowered the fraud-risk score."
auto_year,2015,0.13545684654018025,Low,False,"Incident severity is Minor Damage, which strongly lowered the fraud-risk score."
