feature,mean_abs_shap,share_of_total
is_major_damage,0.16265927991872497,0.4481505341037189
incident_severity_ordinal,0.057120098687361794,0.15737437635030063
witnesses,0.01647539731410986,0.04539217258049193
vehicle_claim,0.015740708386912036,0.04336799520009096
incident_state_SC,0.01181059600193236,0.032539950435006966
vehicle_claim_pct,0.010502240123687223,0.028935235192653303
umbrella_limit,0.0070017507589773655,0.019290865813894487
capital-loss,0.006446542267391949,0.017761183755992536
incident_state_NC,0.004661653865393988,0.012843550460981025
incident_state_WV,0.004547799939671765,0.012529865944194068
claim_to_premium_ratio,0.004493050278612454,0.012379022476437492
property_claim,0.004431984441559994,0.01221077700342037
authorities_contacted_Police,0.0035136786510854452,0.00968070782644296
total_claim_amount,0.003512341170920962,0.009677022869455777
policy_state_OH,0.003247039025969171,0.008946075959950122
bodily_injuries,0.0031734391571247357,0.008743297363185904
injury_claim,0.003076039026669689,0.008474945502123864
policy_age_at_incident_days,0.002986835186208339,0.008229175640319287
incident_hour_of_the_day,0.0028178171987277858,0.007763505920150891
injury_claim_pct,0.0027041611809604954,0.007450366669245788
policy_csl_500/1000,0.002623703688884907,0.007228694299465612
insured_relationship_wife,0.0021164523509150384,0.0058311413399934646
months_as_customer,0.0016515305841354555,0.004550212651493047
insured_relationship_own-child,0.0016514245647797222,0.004549920552383049
capital-gains,0.001623526300899569,0.004473056681691476
insured_education_level_High School,0.0015127754490862192,0.00416792159553227
policy_deductable,0.0014157328329303112,0.003900554739593755
vehicle_age_at_incident,0.0013234752184999963,0.003646371275836019
collision_type_Rear Collision,0.0012741991860278558,0.0035106084697917772
incident_state_NY,0.001162202021955966,0.003202039607800023
collision_type_Side Collision,0.0010640065847555293,0.0029314965582432294
policy_annual_premium,0.0009716945242759013,0.002677163087513302
auto_year,0.000854097075210347,0.0023531646065517733
policy_csl_100/300,0.0007774965412406596,0.002142118730606065
insured_relationship_husband,0.0007721078457948946,0.0021272720723437845
incident_state_VA,0.0007252378662998737,0.0019981383004826323
policy_state_IL,0.000691598127326059,0.001905455811074358
authorities_contacted_Ambulance,0.0006866339357582174,0.0018917787241990627
number_of_vehicles_involved,0.0006656334151817596,0.0018339191632966768
property_damage_NO,0.0006473563238353531,0.0017835630554075528
insured_relationship_not-in-family,0.0006443675957666145,0.0017753286645940361
property_claim_pct,0.0005647199878011027,0.0015558876461187127
insured_education_level_Masters,0.0005537563691505528,0.0015256812443910739
insured_sex_MALE,0.0005431831750777594,0.0014965505205044797
age,0.0005413017523339253,0.0014913669207249564
insured_sex_FEMALE,0.0005177227160128016,0.0014264031650373468
authorities_contacted_None,0.0004978813843559105,0.0013717373421970652
policy_csl_250/500,0.0004157555670604542,0.001145468488043443
insured_relationship_other-relative,0.0003142620315597485,0.000865838686623918
authorities_contacted_Fire,0.00031407939251841863,0.0008653354888723904
is_new_customer,0.0003126465059316166,0.0008613876729869013
incident_type_Multi-vehicle Collision,0.0002938933024318012,0.0008097198052280048
policy_state_IN,0.0002601464438329522,0.0007167421853039918
insured_education_level_JD,0.0002194174273774435,0.0006045276809291069
insured_education_level_MD,0.00019902180390394083,0.0005483347016069579
property_damage_YES,0.00017682997676454054,0.0004871929137530528
incident_type_Parked Car,0.0001746691565583083,0.000481239532365843
incident_type_Single Vehicle Collision,0.00016871813202361697,0.00046484357373981905
police_report_available_YES,0.00016468984048712858,0.0004537450307946837
collision_type_Front Collision,0.00015651200388299425,0.00043121387337294325
authorities_contacted_Other,0.00014934943910214024,0.00041147994098558673
insured_education_level_Associate,0.00013538233991253174,0.000372998503192242
insured_education_level_College,0.00013035762404609033,0.00035915466286299484
incident_type_Vehicle Theft,0.00012552163656327564,0.0003458307973299296
insured_education_level_PhD,9.466706514225675e-05,0.0002608218592061407
incident_state_PA,8.38004946107467e-05,0.00023088283949570515
police_report_available_NO,7.080120761174068e-05,0.00019506786838257258
insured_relationship_unmarried,6.200281173901479e-20,1.7082697778236677e-19
incident_state_OH,0.0,0.0
