source_field,mean_abs_shap,share_of_total,display_name
incident_severity,1.053027435168442,0.19654471621266106,incident severity
incident_type,0.40746561057576114,0.07605235165047834,Incident type
months_as_customer,0.37110762382102147,0.0692662319824462,Months as customer
incident_state,0.36420036291841595,0.06797701045927454,Incident state
authorities_contacted,0.27494522497380264,0.05131778091599125,Authorities contacted
age,0.2697489928189981,0.05034791827031593,Insured age
insured_relationship,0.24183703734079573,0.04513822744442953,Insured relationship
insured_education_level,0.20519762686534043,0.03829958080181319,Education level
injury_claim_pct,0.19878364313492491,0.03710242812564812,Injury share of total claim
umbrella_limit,0.171939849693651,0.032092106848365796,Umbrella limit
property_claim,0.1538428280991879,0.028714346825419016,Property claim
claim_to_premium_ratio,0.15297209379352242,0.02855182662766531,Claim-to-premium ratio
witnesses,0.13577380682992066,0.025341812987266364,Number of witnesses
collision_type,0.11383759772251273,0.021247479022351745,Collision type
insured_sex,0.10344485594556932,0.019307701942475313,Insured sex
policy_state,0.10260135164711097,0.019150264151751334,Policy state
injury_claim,0.0986171390473066,0.018406621670457198,Injury claim
property_claim_pct,0.08778074490909722,0.016384038080009513,Property share of total claim
policy_csl,0.08340923608474135,0.015568107808290875,Policy CSL
vehicle_claim_pct,0.08120508079340695,0.015156708198218363,Vehicle share of total claim
vehicle_claim,0.0772326794827249,0.014415270262020701,Vehicle claim
police_report_available,0.0744422666860948,0.013894447277819808,Police report available
capital-gains,0.07219997936014258,0.013475930426854733,Capital gains
incident_hour_of_the_day,0.05891499470171735,0.010996324053482255,Incident hour
bodily_injuries,0.056201095146595784,0.010489782058395762,Bodily injuries
number_of_vehicles_involved,0.05222597024299232,0.009747835770962473,Vehicles involved
vehicle_age_at_incident,0.05169085489348434,0.009647957941574997,Vehicle age at incident
auto_year,0.051690854893481394,0.009647957941574447,Vehicle model year
policy_age_at_incident_days,0.0479043234022134,0.008941212103311908,Policy age at incident
total_claim_amount,0.044735508194069455,0.008349761334780516,Total claim amount
capital-loss,0.04252907581636506,0.0079379367127098,Capital loss
policy_deductable,0.023311012953380502,0.00435093737592787,Policy deductible
policy_annual_premium,0.02278024055701871,0.004251870146972192,Annual premium
property_damage,0.01010203028668007,0.0018855165682835613,Property damage
