feature,auc_development,auc_oracle,direction_reverses
police_report_available_YES,0.4769623141716165,0.4944575524311788,False
auto_year,0.4857713346085438,0.5224032976972632,True
policy_age_at_incident_days,0.49027232457465014,0.49750316331746003,False
insured_sex_FEMALE,0.498540219470452,0.47703563430129486,False
insured_sex_MALE,0.501459780529548,0.5229643656987052,False
age,0.5029237558307326,0.47365906242342065,True
policy_deductable,0.5075170307728447,0.5164335939493888,False
vehicle_age_at_incident,0.5142286653914561,0.4616744406564933,True
police_report_available_NO,0.5230376858283835,0.5055424475688212,False
number_of_vehicles_involved,0.5252231618510688,0.5041349011500194,False
witnesses,0.5376019329507702,0.4987279842932348,True
