feature,mean_abs_shap,share_of_total,constant_on_oracle
is_major_damage,0.1820525111008837,0.364317558053469,True
is_highrisk_hobby,0.0899126383657888,0.1799302445733187,True
incident_severity_ordinal,0.0782040507326679,0.1564994002034224,True
incident_state_SC,0.0087639357373388,0.017538102866351,True
umbrella_limit,0.0077802339564184,0.0155695508891735,True
witnesses,0.0071914664224443,0.0143913284689415,False
capital-loss,0.0069343928064326,0.0138768811182348,True
vehicle_claim,0.0067355208238584,0.0134789049814677,True
bodily_injuries,0.006113347418188,0.0122338318184062,True
vehicle_claim_pct,0.0054848765825393,0.0109761564435004,True
injury_claim_pct,0.0049549556227263,0.0099156958715863,True
is_no_witness,0.0048887608275094,0.0097832290025305,False
incident_hour_of_the_day,0.0045644678570423,0.009134264468177,True
insured_relationship_own-child,0.0042950748617865,0.0085951639768143,True
property_claim,0.0042591411234943,0.0085232545496541,True
claim_to_premium_ratio,0.0038717385020167,0.0077479970363863,True
authorities_contacted_Police,0.0033800173191908,0.0067639806144923,True
total_claim_amount,0.0031794707896036,0.0063626534287619,True
auto_year,0.0029549940230625,0.0059134378319459,False
policy_age_at_incident_days,0.0028311122385938,0.0056655296381396,False
incident_state_NY,0.0028161359499704,0.005635559576936,True
insured_education_level_High School,0.0026859750137897,0.0053750857491565,True
vehicle_age_at_incident,0.0026196867690281,0.0052424318719143,False
insured_education_level_Masters,0.0026110176141349,0.0052250834413875,True
policy_deductable,0.0025640391219489,0.0051310716123237,False
policy_csl_250/500,0.0025002996579794,0.0050035182722209,True
capital-gains,0.0024334806104255,0.0048698021697125,True
incident_state_WV,0.002428027143569,0.0048588888693901,True
collision_type_Rear Collision,0.0022972407929073,0.0045971634825131,True
policy_csl_500/1000,0.0022014554488077,0.0044054809704257,True
policy_state_OH,0.0021761666139769,0.0043548737775016,True
months_as_customer,0.0020971571452242,0.0041967626009789,True
insured_relationship_husband,0.001792336129367,0.0035867647082339,True
policy_csl_100/300,0.0017694313826312,0.0035409284747858,True
injury_claim,0.0016945696892777,0.0033911176913509,True
number_of_vehicles_involved,0.0015959068925653,0.0031936769147771,False
collision_type_Side Collision,0.0013977569949667,0.0027971457909538,True
property_claim_pct,0.0013557069574625,0.0027129966249416,True
insured_relationship_unmarried,0.0013313293281816,0.0026642129068976,True
is_exec_occupation,0.0013207184438175,0.0026429787505712,True
insured_relationship_wife,0.0012706449982173,0.0025427734014987,True
age,0.001243179311047,0.0024878099625457,False
insured_education_level_MD,0.0012244421840801,0.0024503138340923,True
incident_type_Single Vehicle Collision,0.0011133380747123,0.0022279759076894,True
policy_annual_premium,0.0010418432798763,0.0020849028519504,True
property_damage_YES,0.0010367167968414,0.0020746439010061,True
insured_relationship_other-relative,0.0008916328870607,0.0017843067043118,True
property_damage_NO,0.0007762869292132,0.0015534801288353,True
insured_education_level_Associate,0.0007444520787298,0.0014897732625087,True
insured_education_level_JD,0.0007239672405759,0.0014487796713288,True
authorities_contacted_Ambulance,0.0007194951464005,0.0014398302620649,True
insured_sex_FEMALE,0.0006548313286181,0.0013104271352064,False
incident_state_VA,0.0006473505926249,0.0012954569298902,True
authorities_contacted_None,0.0006359660921887,0.0012726746382675,True
incident_state_NC,0.0005988234853287,0.0011983460626869,True
insured_sex_MALE,0.0005763583541092,0.0011533895734974,False
is_new_customer,0.0005117245695656,0.0010240465481787,True
insured_relationship_not-in-family,0.0004993408468576,0.0009992646454776,True
policy_state_IL,0.0004935871647389,0.0009877505641466,True
authorities_contacted_Fire,0.0004840838514356,0.0009687328429676,True
authorities_contacted_Other,0.0004756277537761,0.0009518107756402,True
policy_state_IN,0.0004177376016577,0.0008359628879752,True
incident_state_PA,0.0004002079538163,0.0008008831274354,True
police_report_available_NO,0.000380717052249,0.0007618785697926,False
insured_education_level_PhD,0.0003409670341686,0.0006823321277684,True
police_report_available_YES,0.0003330571460103,0.0006665031171116,False
incident_type_Multi-vehicle Collision,0.0003295117969554,0.0006594082800104,True
insured_education_level_College,0.0003294213057289,0.000659227191914,True
collision_type_Front Collision,0.000223393721533,0.0004470482424068,True
incident_type_Vehicle Theft,0.0002100684021512,0.0004203820470979,True
incident_type_Parked Car,0.0001854935530251,0.0003712036591208,True
incident_state_OH,0.0001528962781007,0.0003059710538255,True
