zip3,zip3_fraud_rate
4301,0.5
4302,0.0
4303,0.0
4305,0.0
4306,0.0
4307,0.0
4308,0.0
4309,0.0
4312,0.2
4313,0.0
4314,0.0
4315,0.0
4316,0.0
4317,0.0
4318,0.0
4319,0.0
4322,0.3333333333333333
4324,0.0
4325,0.0
4326,0.0
4327,0.0
4328,0.0
4329,0.0
4331,0.0
4332,1.0
4334,1.0
4335,0.0
4336,0.0
4337,0.0
4338,0.0
4339,0.0
4341,0.0
4342,0.5
4343,1.0
4346,0.0
4347,0.0
4351,0.0
4352,0.5
4354,0.5
4355,0.5
4356,0.0
4357,0.0
4358,1.0
4359,0.3333333333333333
4361,0.0
4364,0.0
4365,0.0
4367,0.5
4369,0.0
4371,1.0
4373,0.0
4374,0.0
4375,1.0
4376,0.0
4378,0.5
4379,1.0
4381,0.0
4382,0.0
4383,0.0
4385,0.5
4386,0.0
4387,0.0
4388,0.3333333333333333
4389,0.0
4392,0.0
4393,0.0
4395,0.0
4396,0.0
4397,0.0
4398,0.0
4399,0.0
4402,0.0
4403,0.0
4406,0.0
4408,0.0
4409,0.0
4411,0.0
4413,0.0
4414,0.0
4415,0.0
4416,1.0
4417,0.0
4418,0.0
4419,0.5
4422,0.0
4423,0.3333333333333333
4424,0.0
4425,0.0
4426,0.0
4428,0.0
4429,0.3333333333333333
4433,0.0
4434,0.0
4435,0.5
4436,0.0
4438,0.0
4439,1.0
4441,0.0
4442,0.0
4443,0.0
4445,0.5
4446,1.0
4447,0.0
4448,0.0
4449,0.0
4453,0.0
4456,0.0
4458,1.0
4459,0.0
4461,0.0
4465,0.0
4466,1.0
4467,0.5
4468,0.0
4469,0.0
4471,1.0
4473,1.0
4474,0.0
4475,0.0
4479,0.0
4481,0.0
4482,0.0
4483,0.0
4484,0.5
4486,1.0
4487,0.0
4488,0.3333333333333333
4489,0.0
4492,0.0
4493,0.0
4494,0.0
4495,0.0
4497,0.0
4498,0.0
4501,1.0
4503,0.25
4507,0.25
4508,0.0
4509,0.0
4511,0.0
4512,1.0
4513,1.0
4514,0.5
4515,0.6666666666666666
4516,0.0
4522,0.0
4523,0.0
4524,0.0
4525,0.0
4526,1.0
4527,0.3333333333333333
4529,0.0
4531,0.5
4532,0.0
4534,0.0
4536,0.0
4537,0.0
4541,0.0
4543,0.0
4544,0.0
4545,0.5
4546,1.0
4547,0.0
4549,0.0
4553,0.5
4554,1.0
4556,0.0
4558,0.0
4559,0.0
4562,0.0
4563,0.0
4564,0.0
4565,0.0
4566,0.3333333333333333
4567,0.5
4569,0.0
4571,0.0
4572,0.0
4574,0.0
4575,0.5
4577,0.5
4578,0.0
4579,0.0
4581,0.6666666666666666
4582,1.0
4583,1.0
4585,0.0
4586,1.0
4587,0.0
4589,0.3333333333333333
4591,0.0
4592,0.0
4593,1.0
4594,0.0
4595,0.6666666666666666
4596,0.0
4598,0.0
4599,0.0
4601,0.0
4602,1.0
4603,0.0
4605,0.0
4606,0.0
4607,0.0
4608,0.0
4612,0.5
4613,0.5
4614,0.0
4615,1.0
4617,0.0
4619,0.5
4621,0.0
4622,0.0
4623,0.0
4624,0.0
4625,0.0
4626,0.0
4628,0.5
4631,0.5
4632,1.0
4633,0.3333333333333333
4635,1.0
4636,1.0
4638,0.6666666666666666
4639,1.0
4641,0.0
4642,0.0
4643,0.0
4646,0.0
4647,1.0
4648,0.0
4651,0.0
4652,0.0
4653,0.0
4656,0.0
4657,0.0
4659,0.0
4661,0.6666666666666666
4662,0.25
4663,0.0
4665,1.0
4666,0.0
4667,0.0
4668,0.0
4669,0.0
4672,1.0
4677,0.25
4679,1.0
4681,0.3333333333333333
4682,0.0
4683,0.0
4684,0.0
4685,0.0
4686,0.0
4687,0.0
4688,0.0
4689,0.0
4691,1.0
4693,0.0
4694,1.0
4696,0.0
4698,0.3333333333333333
4701,0.3333333333333333
4703,0.0
4704,0.5
4705,0.75
4706,0.0
4708,0.5
4711,0.0
4713,0.5
4714,1.0
4715,0.0
4716,0.5
4717,0.0
4718,0.0
4721,0.0
4722,0.2
4724,0.0
4725,0.0
4726,0.0
4727,0.5
4728,0.0
4729,0.0
4732,0.0
4733,0.3333333333333333
4734,0.0
4735,0.0
4736,0.3333333333333333
4737,0.0
4739,0.0
4741,1.0
4745,0.0
4746,1.0
4747,0.3333333333333333
4748,0.3333333333333333
4749,0.0
4752,1.0
4753,0.0
4754,1.0
4755,0.0
4758,0.0
4759,1.0
4761,0.3333333333333333
4762,1.0
4763,0.5
4764,0.3333333333333333
4765,1.0
4766,1.0
4767,0.5
4769,0.0
4772,0.5
4773,0.25
4774,0.0
4775,0.0
4776,0.16666666666666666
4778,1.0
4779,0.0
4783,1.0
4784,0.5
4785,1.0
4786,0.3333333333333333
4787,0.0
4788,0.0
4789,1.0
4792,1.0
4793,0.5
4794,0.0
4797,1.0
4798,0.6666666666666666
6001,0.3333333333333333
6002,0.0
6003,0.0
6004,0.0
6005,0.0
6006,0.0
6007,0.5
6009,0.0
6011,0.0
6012,1.0
6013,0.0
6015,1.0
6016,0.0
6017,0.0
6019,0.0
6021,0.0
6022,0.0
6023,0.0
6024,0.3333333333333333
6025,0.5
6026,0.0
6028,0.0
6029,1.0
6031,0.0
6032,0.0
6033,0.0
6035,0.0
6037,0.5
6038,0.3333333333333333
6039,0.0
6041,0.5
6042,0.0
6043,0.0
6045,0.0
6046,0.0
6048,0.3333333333333333
6049,1.0
6051,0.3333333333333333
6052,0.0
6053,0.0
6054,0.3333333333333333
6056,0.0
6057,0.0
6061,0.0
6062,0.0
6063,1.0
6064,0.0
6066,0.0
6068,0.0
6069,1.0
6071,0.0
6074,1.0
6076,0.0
6077,1.0
6081,0.5
6082,1.0
6083,0.5
6084,0.0
6085,0.0
6087,0.6666666666666666
6088,0.0
6089,0.0
6092,1.0
6093,0.2
6094,0.0
6098,0.0
6099,1.0
6102,0.0
6103,0.5
6104,0.0
6111,0.0
6113,0.0
6115,0.5
6116,1.0
6117,0.0
6118,0.0
6121,0.0
6122,0.0
6123,0.0
6125,0.3333333333333333
6126,0.5
6128,0.0
6129,0.0
6131,0.0
6132,1.0
6133,0.0
6134,0.5
6135,0.0
6136,1.0
6138,0.0
6139,0.2
6142,0.3333333333333333
6143,0.0
6144,0.0
6145,0.0
6148,0.0
6149,0.0
6152,0.25
6153,1.0
6154,1.0
6155,0.0
6156,1.0
6157,0.0
6158,0.0
6159,0.0
6161,0.5
6162,0.0
6163,0.0
6167,0.0
6168,0.0
6169,0.0
6172,1.0
6174,0.0
6176,0.0
6177,0.0
6178,0.3333333333333333
6179,0.0
6181,1.0
6183,0.0
6184,0.25
6186,0.3333333333333333
6188,0.0
6189,1.0
6191,0.3333333333333333
6194,0.0
6195,1.0
6196,0.0
6197,0.0
6198,0.0
6201,0.0
6202,1.0
6204,0.0
6205,1.0
6207,0.0
6208,0.5
6209,0.0
